username,follower_count,following_count,profile_pic,account_activity,region,total_posts,total_likes,total_comments,activity_pm,account_type,real_account_type,activity_level
dnardoni0,7275,8234,False,9,India,1,652,11,60448,Real,Normal,Medium
isteaning1,2385,9665,False,1,India,61,134,392,8126,Fake,N/A,Low
eralton3,8288,9586,False,7,USA,70,875,488,16130,Real,Normal,Low
cpeerman4,3502,5725,True,6,Canada,70,226,15,80666,Real,Normal,Medium
ncarress5,3198,1109,True,2,Canada,85,21,11,45359,Real,Influencer,Low
mbrundale6,4780,7523,True,3,Canada,38,595,39,53873,Real,Normal,Low
cotter7,9830,5647,True,19,India,84,970,137,97080,Real,Influencer,High
dwinchurch8,5186,7720,True,15,India,52,117,231,63407,Real,Normal,High
kduggeta,8385,1864,False,18,Canada,41,738,466,63505,Real,Normal,High
mspehrb,9370,7497,False,17,India,19,997,496,94576,Real,Normal,High
ksavegec,9550,4867,False,4,India,96,295,275,12080,Real,Normal,Low
bboled,280,8524,True,6,India,86,576,97,52630,Real,Normal,Medium
mjakubovicse,8138,7343,True,10,India,7,526,183,31672,Real,Normal,Medium
cfarfootf,4337,8212,True,1,Canada,66,631,374,98861,Real,Normal,Low
byeatsg,2470,7416,True,10,India,32,500,97,36908,Real,Normal,Medium
bfoggoh,2378,2580,False,2,India,55,154,328,7441,Real,Normal,Low
gingamellsi,7230,2105,False,12,USA,89,312,40,44210,Real,Normal,Medium
gmccaheyj,4542,7065,False,11,India,40,712,476,9281,Real,Normal,Low
asilburnk,7381,1554,False,6,India,33,556,62,32499,Real,Normal,Medium
akhadirl,7364,2956,False,13,USA,22,953,150,66810,Real,Normal,Medium
aatlayn,8372,1683,True,20,USA,35,614,322,25551,Real,Influencer,Medium
lorsayo,6655,9251,False,8,Canada,87,346,448,58965,Real,Normal,Medium
ealdredp,6882,2253,False,1,USA,1,809,61,82137,Real,Normal,Low
jcreberq,4465,550,True,6,USA,54,527,45,83681,Real,Influencer,Medium
dmapledoramr,8451,4515,True,1,India,27,598,311,12584,Real,Normal,Low
fbowleys,6116,2123,False,19,Canada,15,181,169,63932,Real,Normal,High
sedisont,2875,3506,False,7,India,4,535,309,67260,Real,Normal,Medium
dericssonu,7409,107,False,3,USA,85,481,219,67601,Real,Normal,Low
ccarranev,46,2165,True,13,India,99,664,263,97192,Real,Normal,Medium
swroew,4710,4588,True,20,India,95,70,346,41009,Real,Influencer,Medium
btowex,2868,755,False,9,USA,57,362,445,35082,Real,Normal,Medium
fbassony,2204,8038,True,5,USA,39,887,255,1273,Real,Normal,Low
mhemphallz,4111,656,False,5,USA,2,612,182,21719,Real,Normal,Medium
ibarbisch10,9249,8051,True,20,India,47,180,245,11966,Real,Influencer,Low
ilunny11,1488,7266,False,3,India,70,955,216,47392,Fake,N/A,Low
pallatt12,7037,8494,True,16,India,100,275,98,56416,Real,Normal,High
lcornier13,7584,2152,True,2,USA,23,602,196,6486,Real,Normal,Low
ikaes14,5263,9181,True,8,India,11,31,122,57137,Real,Normal,Medium
jlocard15,4619,743,True,17,Canada,69,163,235,14653,Real,Influencer,Low
gtyson16,2452,2998,True,20,USA,5,949,269,24734,Real,Normal,Medium
vdrury17,3049,9510,True,5,India,27,805,40,78510,Real,Normal,Medium
gjasper18,2644,7425,False,18,USA,45,247,206,75473,Fake,N/A,High
wroelofs19,1420,4825,True,2,Canada,42,646,295,97561,Real,Normal,Low
dstrood1a,8517,1907,False,14,USA,95,391,404,87356,Real,Normal,High
bstewart1b,5560,5709,False,10,USA,26,988,172,14454,Real,Normal,Low
egooday1c,2585,1711,True,12,USA,4,8,414,55593,Real,Normal,Medium
jpeerless1d,3468,6925,True,15,India,65,293,39,74556,Real,Normal,High
rmillington1e,6467,4285,False,2,Canada,77,502,137,73249,Real,Normal,Low
tgambell1f,8734,657,True,3,USA,69,354,94,50797,Real,Influencer,Low
lfrostdick1g,9302,4041,True,13,India,38,752,84,3481,Real,Influencer,Low
dagronski1h,2589,5201,True,4,USA,64,604,474,17477,Real,Normal,Low
smcnaughton1i,9233,2372,False,19,Canada,46,588,446,46751,Real,Normal,Medium
mpickthorne1j,6911,6033,True,5,India,39,880,333,3508,Real,Influencer,Low
lflanne1k,9877,5591,True,7,India,1,202,231,25704,Real,Normal,Medium
jfishburn1l,3690,2384,True,18,India,24,116,436,64519,Real,Normal,High
cmacneill1m,1954,2515,False,3,USA,9,734,445,44646,Real,Normal,Low
rplain1n,782,1312,True,3,India,62,623,211,38551,Real,Normal,Low
dcavil1o,4084,9561,False,18,Canada,60,598,304,10649,Fake,N/A,Low
mdudek1p,4404,5013,False,9,Canada,46,660,47,62695,Real,Normal,Medium
jocalleran1q,8728,8471,False,20,India,13,942,376,51000,Real,Normal,High
pkelly1r,7268,4768,False,18,USA,17,693,192,26519,Real,Normal,Medium
swerlock1s,9217,1433,False,16,India,51,913,334,5844,Real,Normal,Low
csapshed1t,3018,3186,True,6,Canada,69,289,180,3062,Real,Normal,Low
fmaclucais1u,6875,3457,False,16,Canada,7,539,144,64009,Real,Normal,High
vjoron1v,3121,1917,False,12,Canada,37,770,11,54219,Real,Normal,Medium
byonge1w,3310,1508,False,9,India,37,738,258,58207,Real,Normal,Medium
rvanetti1x,4302,399,True,6,USA,68,269,219,2018,Real,Influencer,Low
ocrowther1y,9425,4781,False,8,USA,46,789,52,39909,Real,Normal,Medium
rdiboll1z,9955,852,False,1,Canada,50,411,387,67479,Real,Normal,Low
mchark20,9038,5849,False,9,Canada,31,523,356,26765,Real,Normal,Medium
gfilon21,6812,2018,True,19,India,68,972,80,46112,Real,Influencer,Medium
alorek22,4036,1996,True,12,USA,80,360,412,31617,Real,Influencer,Medium
mhaitlie23,8447,3248,True,7,USA,71,913,75,43778,Real,Influencer,Medium
kborkett24,6361,6061,True,16,India,13,460,383,11428,Real,Normal,Low
tswannick25,4025,9579,False,3,India,88,341,165,37266,Fake,N/A,Low
fimmins26,4756,614,True,8,Canada,22,51,411,95154,Real,Normal,Medium
ncharlotte27,1540,4179,True,13,USA,81,486,28,59342,Real,Normal,Medium
nmazzey28,5222,1172,True,12,USA,74,814,421,11898,Real,Influencer,Low
npindred29,701,6023,False,4,USA,81,106,181,51833,Fake,N/A,Low
pwardhaugh2a,416,1900,False,20,USA,38,881,163,27207,Fake,N/A,Medium
gdurrand2b,6195,5267,False,14,USA,10,525,96,72092,Real,Normal,High
kstollman2c,4119,3483,False,6,Canada,78,746,26,69340,Real,Normal,Medium
iguidoni2d,9409,3870,True,13,India,89,502,197,41035,Real,Influencer,Medium
hcairney2e,7269,9029,False,17,India,33,571,122,23880,Real,Normal,Medium
mstambridge2f,3799,4728,True,4,USA,94,796,152,83015,Real,Normal,Low
nlangmuir2g,7491,4044,True,12,USA,78,61,224,24942,Real,Influencer,Medium
rcoveley2h,3106,635,True,11,India,21,82,432,52411,Real,Normal,Medium
sfarge2i,4949,2665,False,12,India,40,890,236,24479,Real,Normal,Medium
mkirkebye2j,8971,4514,False,20,USA,54,889,285,98280,Real,Normal,High
fmacvain2k,1606,5457,False,11,India,89,373,140,79276,Fake,N/A,Medium
knind2l,2691,2822,False,14,Canada,31,962,29,75466,Real,Normal,High
jgotcliff2m,847,5202,True,15,USA,46,150,19,63904,Real,Normal,High
rshivlin2n,8073,9595,True,17,India,6,332,127,95004,Real,Normal,High
hslinger2o,881,3304,False,5,India,73,345,273,44341,Fake,N/A,Medium
jgilleon2p,7439,5740,False,16,India,95,323,480,58182,Real,Normal,High
rweiser2q,7768,2567,True,2,USA,13,484,480,49882,Real,Normal,Low
edursley2r,3188,5464,True,6,Canada,8,962,162,82203,Real,Normal,Medium
epetrishchev2s,2581,6411,False,1,USA,90,878,421,4775,Fake,N/A,Low
smilhench2t,3406,868,True,15,USA,50,911,400,70430,Real,Influencer,High
mirdale2u,513,7519,True,11,Canada,24,18,217,83895,Real,Normal,Medium
astoggell2v,9010,6311,False,16,Canada,95,149,169,56346,Real,Normal,High
mmingard2w,5625,2427,True,10,India,97,826,104,23522,Real,Influencer,Medium
hcrowcombe2x,2484,9866,False,12,USA,67,911,459,50955,Fake,N/A,Medium
jkingdom2y,333,9526,False,18,Canada,7,770,136,21010,Fake,N/A,Medium
sringer2z,6877,6865,True,15,India,69,919,133,67279,Real,Influencer,High
rtheyer30,8605,7264,True,2,India,64,607,348,22272,Real,Influencer,Low
asmoth31,3845,4842,False,13,Canada,12,55,368,17003,Real,Normal,Low
fcurling32,5292,606,True,11,Canada,41,237,141,99888,Real,Influencer,Medium
bfrise33,3419,8475,True,2,Canada,28,593,270,36164,Real,Normal,Low
lgoundsy34,1471,2580,True,4,USA,81,509,336,19700,Real,Normal,Low
sleyborne35,484,9252,True,7,Canada,1,327,128,1559,Real,Normal,Low
gpottinger36,8800,6767,False,1,Canada,61,113,209,2320,Real,Normal,Low
cjose37,6154,9540,False,3,Canada,1,645,99,50875,Real,Normal,Low
ckuzemka38,8454,2036,False,1,USA,77,569,403,97064,Real,Normal,Low
tkolushev39,5785,5673,True,18,USA,3,33,195,98765,Real,Normal,High
hgiannasi3a,4076,3697,True,17,USA,3,785,353,53200,Real,Normal,High
ballden3b,3963,9110,False,14,USA,8,245,491,12843,Fake,N/A,Low
charwell3c,9805,7967,False,12,Canada,36,488,2,16499,Real,Normal,Low
ckaygill3d,657,6782,True,4,USA,37,961,415,11328,Real,Normal,Low
cdibiagio3e,1384,4754,True,2,USA,68,53,53,24522,Real,Normal,Low
stardiff3f,2325,4518,False,13,Canada,72,88,171,72192,Real,Normal,Medium
pcurlis3g,5401,3607,True,4,India,36,914,250,98746,Real,Influencer,Low
ndresser3h,6503,8142,False,20,Canada,6,733,390,55606,Real,Normal,High
ctorritti3i,8518,7191,True,4,Canada,63,526,385,8349,Real,Influencer,Low
kpelcheur3j,1644,5803,False,8,India,12,365,240,64313,Fake,N/A,Medium
scornish3k,1867,553,False,6,India,20,962,191,12118,Real,Normal,Low
lkedward3l,7470,1687,False,13,India,25,672,485,20559,Real,Normal,Medium
jende3m,2197,773,False,11,India,96,133,149,82657,Real,Normal,Medium
nkingswood3n,315,2337,True,11,India,41,467,5,71060,Real,Normal,Medium
cgiannini3o,1106,8145,True,12,USA,40,141,264,6142,Real,Normal,Low
spingstone3p,3212,6306,False,6,Canada,38,584,49,47397,Real,Normal,Medium
alivings3q,3119,7368,False,15,USA,89,58,219,72831,Fake,N/A,High
mpovah3r,7274,4658,False,10,India,18,884,405,79134,Real,Normal,Medium
mhawtin3s,5483,1222,True,19,USA,65,428,494,39098,Real,Influencer,Medium
mbasten3t,3187,9983,True,3,Canada,66,530,442,71026,Real,Normal,Low
mhorsley3u,9938,60,True,7,India,94,293,370,32819,Real,Influencer,Medium
bmurcutt3v,9217,6701,False,12,USA,93,806,265,28978,Real,Normal,Medium
cind3w,8996,2757,True,4,India,13,835,40,75097,Real,Normal,Low
hchifney3x,5428,4277,True,9,Canada,20,681,488,39782,Real,Normal,Medium
cwornum3y,5534,2057,True,4,USA,69,329,185,14563,Real,Influencer,Low
rstarmer3z,6990,394,True,14,Canada,53,30,49,67988,Real,Influencer,High
sgavey40,656,1577,True,13,India,34,595,27,93431,Real,Normal,Medium
gtwelftree41,8202,6145,True,13,Canada,50,555,213,73829,Real,Influencer,Medium
sklaas42,7027,1150,True,9,USA,61,720,181,25773,Real,Influencer,Medium
ybatstone43,3833,8790,False,17,Canada,45,210,21,44840,Fake,N/A,Medium
dfrary44,7925,9366,True,4,India,68,357,459,2899,Real,Normal,Low
rhellmore45,4815,6891,True,6,USA,10,991,180,86602,Real,Normal,Medium
dchurchlow46,7571,118,False,4,India,30,602,172,43360,Real,Normal,Low
dbinyon47,1649,7594,False,10,Canada,80,371,223,32457,Fake,N/A,Medium
llathleiffure48,7835,8858,True,8,Canada,98,105,286,97972,Real,Normal,Medium
dredon49,3752,1642,False,6,Canada,1,397,113,28730,Real,Normal,Medium
ppuffett4a,4753,5191,False,18,USA,80,437,311,23089,Real,Normal,Medium
hscamwell4b,3363,5643,False,5,USA,90,62,281,28603,Real,Normal,Medium
aotowey4c,945,9163,True,3,Canada,33,92,287,84867,Real,Normal,Low
bogborn4d,8835,5311,True,6,India,69,88,461,49624,Real,Influencer,Medium
lharder4e,617,9810,False,18,India,94,763,385,62127,Fake,N/A,High
vblake4f,5275,1347,True,4,USA,19,34,484,1783,Real,Normal,Low
gdorey4g,9170,9744,True,10,India,100,44,296,98106,Real,Normal,Medium
bfassmann4h,4125,6965,False,18,India,74,253,58,63305,Real,Normal,High
fhafford4i,5461,762,False,15,USA,25,314,295,10812,Real,Normal,Low
hdantuoni4j,1198,5208,False,16,USA,29,940,461,21533,Fake,N/A,Medium
cpeskin4k,5255,9390,True,15,USA,27,710,324,35655,Real,Normal,Medium
ddulson4l,6244,610,True,16,USA,34,161,238,33157,Real,Influencer,Medium
pwalaron4m,8409,7578,False,1,India,9,601,150,89893,Real,Normal,Low
prubinfeld4n,1021,5834,False,16,Canada,71,112,223,41075,Fake,N/A,Medium
rlynock4o,4897,3545,False,3,India,1,327,166,28602,Real,Normal,Low
mhallett4p,8292,612,True,14,India,22,401,321,82687,Real,Normal,High
ebrook4q,7030,6635,False,15,Canada,56,932,116,27926,Real,Normal,Medium
ckermitt4r,3537,2471,False,8,Canada,97,840,418,31091,Real,Normal,Medium
twarfield4s,4348,8463,False,12,India,80,367,40,5094,Real,Normal,Low
liannelli4t,5252,4017,False,16,USA,100,11,33,38638,Real,Normal,Medium
zmoakes4u,8539,6610,False,14,USA,6,763,423,37269,Real,Normal,Medium
cdeniske4v,3456,7599,True,11,USA,22,778,89,55886,Real,Normal,Medium
dflockhart4w,1252,5343,True,4,Canada,48,120,120,66510,Real,Normal,Low
tmustoo4x,509,5081,True,2,USA,65,392,488,37734,Real,Normal,Low
lwastling4y,3223,619,False,13,Canada,82,122,123,16592,Real,Normal,Low
lmapowder4z,9581,1422,True,13,Canada,55,824,304,50352,Real,Influencer,Medium
cjanauschek50,6141,2498,True,10,India,91,661,256,37129,Real,Influencer,Medium
lroncelli51,6828,9706,False,13,USA,90,371,302,96683,Real,Normal,Medium
scoard52,7509,6216,False,20,Canada,15,639,373,63760,Real,Normal,High
terlam53,7214,1932,True,9,USA,71,782,20,49614,Real,Influencer,Medium
sfilipyev54,7186,8558,False,6,USA,12,425,21,80761,Real,Normal,Medium
mcrowley55,7639,1875,False,13,India,93,972,420,7742,Real,Normal,Low
cdanzey56,4759,32,False,10,USA,26,30,224,64358,Real,Normal,Medium
wcharlwood57,6890,6287,False,2,USA,43,594,196,28972,Real,Normal,Low
bwakley58,4809,6689,True,3,USA,53,957,185,66981,Real,Normal,Low
gborless59,5373,5074,False,12,India,18,701,181,45903,Real,Normal,Medium
ddibernardo5a,5961,6880,False,10,USA,71,942,297,77480,Real,Normal,Medium
gmcilwrick5b,4461,6510,False,3,USA,20,717,376,26577,Real,Normal,Low
ljanota5c,2496,7635,True,20,India,96,89,59,18197,Real,Normal,Low
bgelland5d,7113,5735,False,18,Canada,45,129,25,44851,Real,Normal,Medium
nkynnd5e,910,2693,True,10,Canada,84,797,9,96054,Real,Normal,Medium
vpiddle5f,6866,3391,True,14,Canada,32,40,323,12499,Real,Influencer,Low
bnucciotti5g,3824,4936,True,8,USA,93,84,18,51563,Real,Normal,Medium
achoat5h,5610,7511,False,6,USA,40,383,460,12007,Real,Normal,Low
dpartner5i,3674,4491,False,6,Canada,37,415,452,79363,Real,Normal,Medium
ichadderton5j,9129,2071,False,8,Canada,54,829,106,35519,Real,Normal,Medium
mdumbarton5k,8448,1398,True,20,USA,11,387,157,36527,Real,Normal,Medium
praffin5l,4361,1422,False,7,India,81,638,270,24026,Real,Normal,Medium
senrietto5m,3220,2850,True,10,India,55,293,340,43363,Real,Influencer,Medium
tondrousek5n,7270,4262,True,6,Canada,79,145,38,52439,Real,Influencer,Medium
psillett5o,1346,5850,True,19,India,57,185,148,1735,Real,Normal,Low
rfrancescotti5p,7146,348,True,5,USA,27,555,97,93463,Real,Normal,Medium
dstorr5q,1306,6410,False,10,Canada,42,411,123,78054,Fake,N/A,Medium
tdullingham5r,371,850,True,15,USA,62,420,167,68622,Real,Normal,High
bdunbar5s,2745,4082,False,13,Canada,79,486,484,60467,Real,Normal,Medium
rbishopp5t,6198,8079,True,20,India,73,528,431,47201,Real,Normal,Medium
jaugie5u,5382,4787,False,16,Canada,56,78,131,33465,Real,Normal,Medium
aoliva5v,3510,6658,True,19,USA,73,580,369,2956,Real,Normal,Low
sbowring5w,665,3763,False,10,Canada,76,838,375,75415,Fake,N/A,Medium
adonaghy5x,1507,3915,False,18,Canada,11,583,421,25848,Fake,N/A,Medium
cderrell5y,3046,910,False,3,Canada,40,159,400,12786,Real,Normal,Low
ndurker5z,7817,8554,True,3,Canada,87,671,24,6936,Real,Normal,Low
eetchells60,7029,530,True,1,India,41,416,81,38417,Real,Influencer,Low
earies61,7933,103,True,16,India,16,767,46,48643,Real,Normal,Medium
qmayberry62,741,189,True,14,Canada,20,831,245,63511,Real,Normal,High
hstoffers63,5063,1406,False,16,Canada,41,969,47,65374,Real,Normal,High
mbremond64,9596,5703,False,17,USA,83,457,128,79204,Real,Normal,High
lkemitt65,7437,2806,False,16,India,2,670,312,59931,Real,Normal,High
sheak66,8760,6565,True,2,India,66,282,59,3957,Real,Influencer,Low
lsoutherell67,3693,3310,True,13,Canada,0,166,280,9852,Real,Normal,Low
gfeatherstonhalgh68,2247,985,True,8,Canada,62,679,10,92624,Real,Normal,Medium
glindenfeld69,1276,5789,True,1,Canada,70,352,106,90716,Real,Normal,Low
edalzell6a,2172,6638,True,15,USA,79,147,217,99347,Real,Normal,High
ctitmarsh6b,8025,9626,False,2,USA,23,787,498,62315,Real,Normal,Low
elangthorne6c,5948,7121,False,8,USA,20,352,276,3290,Real,Normal,Low
sgreenier6d,1895,8716,True,15,Canada,12,795,163,63241,Real,Normal,High
cgrave6e,2132,9906,True,12,India,26,829,210,54300,Real,Normal,Medium
lacuna6f,5822,4837,True,12,India,69,457,195,80287,Real,Influencer,Medium
ceisenberg6g,1964,9329,False,1,Canada,43,210,460,79288,Fake,N/A,Low
dwaye6h,621,4926,False,15,USA,45,39,62,98409,Fake,N/A,High
tballinger6i,2940,5643,False,17,Canada,73,591,405,5982,Real,Normal,Low
lkitteridge6j,6546,8955,True,3,Canada,38,139,454,64875,Real,Normal,Low
asatterthwaite6k,9349,8372,False,6,USA,96,319,45,80132,Real,Normal,Medium
arule6l,305,9539,False,18,India,9,390,37,89733,Fake,N/A,High
mhopkins6m,4016,932,True,14,USA,53,586,440,93267,Real,Influencer,High
ccottey6n,1797,2087,False,19,Canada,94,869,15,71115,Real,Normal,High
klambourne6o,8295,3911,False,16,India,90,143,6,70755,Real,Normal,High
jmalshinger6p,5848,8907,True,8,USA,16,186,259,7228,Real,Normal,Low
hreskelly6q,8029,7209,False,17,India,28,799,112,36850,Real,Normal,Medium
floudyan6r,8881,9136,True,4,Canada,21,929,350,50402,Real,Normal,Low
chaggar6s,5493,7834,False,2,Canada,84,149,20,13611,Real,Normal,Low
aspirritt6t,3373,608,False,17,USA,87,192,273,11816,Real,Normal,Low
ablew6u,4577,4469,True,6,USA,2,504,363,94831,Real,Normal,Medium
mroiz6v,4993,5365,True,10,USA,57,744,48,20990,Real,Normal,Medium
ablasli6w,633,6324,False,17,USA,95,707,16,4027,Fake,N/A,Low
uwannan6x,170,627,True,10,Canada,21,254,406,15345,Real,Normal,Low
ncassidy6y,285,2233,True,6,Canada,85,221,388,38520,Real,Normal,Medium
fkinghorne6z,271,7367,True,7,USA,40,717,154,59354,Real,Normal,Medium
fparmer70,9879,392,False,10,Canada,67,56,288,53222,Real,Normal,Medium
cjahnig71,4358,7795,False,6,USA,95,400,90,53493,Real,Normal,Medium
klautie72,4087,6991,True,5,India,43,80,67,54935,Real,Normal,Medium
olaming73,8022,9363,False,19,India,69,905,201,13324,Real,Normal,Low
mburfoot74,300,142,False,14,India,53,468,185,99646,Real,Normal,High
bgiacobo75,1361,1483,True,2,Canada,28,85,187,14399,Real,Normal,Low
rsagg76,7238,2566,True,4,Canada,65,145,291,88929,Real,Influencer,Low
slexa77,7276,2749,True,6,USA,91,332,92,69792,Real,Influencer,Medium
bmcdool78,5169,1453,False,2,Canada,57,460,434,10984,Real,Normal,Low
alawranson79,8835,2690,True,11,Canada,33,905,216,41487,Real,Influencer,Medium
fnairn7a,9765,2988,False,6,Canada,34,742,114,16462,Real,Normal,Low
mcompson7b,1970,4360,False,6,USA,52,2,220,48148,Fake,N/A,Medium
nconti7c,429,7563,True,14,USA,24,348,242,66871,Real,Normal,High
hmccafferty7d,1375,7691,False,19,India,62,264,380,82391,Fake,N/A,High
bchaman7e,7035,148,True,1,USA,87,496,99,16490,Real,Influencer,Low
asharkey7f,801,9559,True,8,Canada,75,48,241,46916,Real,Normal,Medium
hclausner7g,8852,1323,True,20,USA,62,799,309,84109,Real,Influencer,High
efort7h,7997,8141,False,10,Canada,32,892,369,32281,Real,Normal,Medium
echipman7i,6986,3660,True,15,India,37,920,341,9029,Real,Influencer,Low
qcuesta7j,6316,4423,True,17,Canada,60,779,292,52910,Real,Influencer,High
rshawell7k,4867,1869,True,9,India,12,144,241,94002,Real,Normal,Medium
rsleeman7l,8821,2824,True,1,India,55,162,359,62365,Real,Influencer,Low
ehenrych7m,7800,28,True,19,Canada,76,788,138,92237,Real,Influencer,High
lminichillo7n,3319,4644,False,10,India,33,478,211,69535,Real,Normal,Medium
nlumsdon7o,1978,6863,False,5,Canada,58,686,481,49946,Fake,N/A,Medium
iburgis7p,1649,7062,True,12,India,8,491,16,33017,Real,Normal,Medium
rtivnan7q,7204,9648,False,1,Canada,26,678,72,32203,Real,Normal,Low
ktrytsman7r,6809,8145,False,17,India,40,494,241,51194,Real,Normal,High
asiddell7s,1799,3776,True,14,India,84,107,325,58940,Real,Normal,High
zgravy7t,567,6374,True,14,Canada,96,218,194,42228,Real,Normal,Medium
rgorrick7u,9216,4536,False,1,USA,53,335,455,6878,Real,Normal,Low
rferney7v,1449,5989,False,12,Canada,89,519,359,34147,Fake,N/A,Medium
lhembry7w,7917,2996,True,3,Canada,48,441,49,98393,Real,Influencer,Low
rfarnham7x,9142,7623,False,11,Canada,81,322,151,51737,Real,Normal,Medium
ateale7y,9130,2425,False,14,India,5,899,263,31617,Real,Normal,Medium
vpoll7z,3384,5,True,18,USA,52,455,271,67861,Real,Influencer,High
kbrocklesby80,7160,419,False,14,India,15,897,81,11676,Real,Normal,Low
mtomasino81,9760,7095,True,1,Canada,92,152,330,41944,Real,Influencer,Low
haffuso82,1019,5206,False,6,India,21,772,79,25759,Fake,N/A,Medium
kfishbourn83,3541,5826,True,4,USA,35,282,111,63250,Real,Normal,Low
bbeavors84,8149,5384,True,19,India,93,11,174,23219,Real,Influencer,Medium
htargett85,9618,4624,True,13,USA,25,351,120,19285,Real,Normal,Low
gbalaisot86,9495,3262,False,11,Canada,65,876,414,56746,Real,Normal,Medium
lcoetzee87,3212,4657,True,3,India,46,663,145,31375,Real,Normal,Low
aizacenko88,7466,9310,True,18,USA,46,493,270,41806,Real,Normal,Medium
dgregoire89,3604,6206,True,17,USA,81,920,45,43711,Real,Normal,Medium
clownds8a,4489,880,False,2,USA,19,481,105,92123,Real,Normal,Low
jclapison8b,1991,7340,False,16,India,42,741,469,99226,Fake,N/A,High
hsinnocke8c,7970,4068,True,11,Canada,77,141,199,80810,Real,Influencer,Medium
cmercik8d,3530,4858,False,14,USA,64,463,177,73095,Real,Normal,High
khuddlestone8e,2820,4059,False,2,India,41,621,253,10299,Real,Normal,Low
ddomenico8f,7770,346,True,13,USA,39,239,258,88223,Real,Influencer,Medium
llaviss8g,8772,2645,True,4,USA,48,150,304,2352,Real,Influencer,Low
nhamflett8h,5441,6856,True,3,India,10,992,367,64294,Real,Normal,Low
gsmalridge8i,7087,8254,True,17,USA,35,363,134,10238,Real,Normal,Low
jsterrick8j,8910,7034,True,5,India,38,9,147,12929,Real,Influencer,Low
rtruelock8k,4854,1877,False,16,USA,82,774,405,51669,Real,Normal,High
rzarfat8l,3636,5138,True,11,India,74,172,138,35859,Real,Normal,Medium
nfeander8m,7528,7211,True,10,India,51,959,411,87564,Real,Influencer,Medium
cbloan8n,2575,2088,False,4,USA,9,578,300,13247,Real,Normal,Low
swillicott8o,6889,1122,False,16,USA,20,383,211,12054,Real,Normal,Low
ffranciotti8p,3352,3407,True,4,India,20,19,449,33606,Real,Normal,Low
rcurson8q,1058,6911,False,19,Canada,82,197,205,58662,Fake,N/A,High
dbrame8r,1599,2462,False,14,India,38,732,352,8076,Real,Normal,Low
edimmne8s,1080,3763,True,7,India,77,717,233,47204,Real,Normal,Medium
ascanlin8t,3475,6025,False,14,Canada,89,306,453,34454,Real,Normal,Medium
dcook8u,4304,8339,True,9,India,58,373,108,49075,Real,Normal,Medium
ogozney8v,2482,6990,True,14,Canada,22,769,457,75993,Real,Normal,High
rriddlesden8w,4903,7647,True,17,Canada,78,971,267,31164,Real,Normal,Medium
ngainsborough8x,1305,3854,False,13,India,89,769,360,9307,Fake,N/A,Low
ghawtrey8y,17,3725,True,1,USA,35,779,479,85311,Real,Normal,Low
nlalevee8z,3596,4465,False,9,USA,98,233,393,6131,Real,Normal,Low
mhaycock90,5720,4235,True,12,USA,5,237,286,80727,Real,Normal,Medium
qhudless91,239,1149,True,6,India,32,277,346,82497,Real,Normal,Medium
acloney92,5715,8211,False,5,USA,20,430,498,13888,Real,Normal,Low
gorton93,5381,3526,True,1,USA,27,193,177,58117,Real,Normal,Low
tburkill94,4701,4529,True,15,Canada,16,96,275,39373,Real,Normal,Medium
bflavelle95,2205,2216,True,2,India,71,804,114,78887,Real,Normal,Low
cvyel96,4870,5522,True,13,USA,36,475,200,38101,Real,Normal,Medium
chellsdon97,6742,905,True,12,Canada,97,868,463,45322,Real,Influencer,Medium
sgontier98,2483,9866,False,16,Canada,17,293,11,85888,Fake,N/A,High
zcrutch99,9121,6652,True,3,Canada,24,88,491,79224,Real,Normal,Low
hwinny9a,9877,668,True,16,India,33,153,445,6770,Real,Influencer,Low
dperris9b,506,8165,True,7,Canada,87,351,348,21708,Real,Normal,Medium
margyle9c,1938,7792,True,17,Canada,72,344,359,82961,Real,Normal,High
hchevers9d,2937,5193,True,16,Canada,72,486,10,70198,Real,Normal,High
csheeres9e,3227,5684,False,11,Canada,41,860,192,29210,Real,Normal,Medium
atropman9f,1170,6345,True,18,Canada,7,972,317,37275,Real,Normal,Medium
dgaber9g,2270,6706,False,19,Canada,17,932,228,36180,Fake,N/A,Medium
thamblington9h,84,8851,True,5,USA,86,174,23,52649,Real,Normal,Medium
nrookeby9i,7594,7049,False,12,India,97,790,476,90877,Real,Normal,Medium
wserver9j,917,9424,True,3,Canada,82,596,241,36292,Real,Normal,Low
cpipet9k,2471,6642,False,15,USA,34,88,334,24999,Fake,N/A,Medium
frehn9l,7297,5124,False,8,India,47,417,112,38877,Real,Normal,Medium
mleigh9m,2807,5414,True,7,Canada,1,299,53,50223,Real,Normal,Medium
kcockshoot9n,5939,3026,True,1,India,30,119,5,59480,Real,Influencer,Low
nroscow9o,1948,6291,True,7,India,66,283,35,80276,Real,Normal,Medium
rendricci9p,9569,7635,True,15,USA,2,196,114,42411,Real,Normal,Medium
lcaplan9q,6927,7723,False,13,USA,79,942,254,71316,Real,Normal,Medium
gblaxley9r,4322,2221,False,1,USA,84,146,49,38900,Real,Normal,Low
atoomer9s,7320,8352,False,12,India,50,120,31,147,Real,Normal,Low
osteers9t,7424,4833,True,1,USA,21,949,72,55643,Real,Normal,Low
jvispo9u,2179,1181,True,17,Canada,76,904,499,24354,Real,Normal,Medium
ptyrone9v,1155,6164,True,11,India,44,72,215,70195,Real,Normal,Medium
gmacknight9w,2751,8644,True,11,India,82,251,228,85343,Real,Normal,Medium
bhaggarty9x,1956,237,True,3,India,63,915,45,36986,Real,Normal,Low
chassall9y,3965,1106,True,12,Canada,88,135,121,81205,Real,Influencer,Medium
lshepherdson9z,6314,6313,False,1,India,10,873,171,50564,Real,Normal,Low
alidgatea0,1453,9823,False,15,India,98,188,350,73279,Fake,N/A,High
ejaggarda1,6897,830,True,9,Canada,28,320,213,72583,Real,Normal,Medium
tjuliffa2,9274,6448,False,9,India,70,30,412,81398,Real,Normal,Medium
nzmitrichenkoa3,9643,9915,False,6,India,25,525,370,75884,Real,Normal,Medium
aellacombea4,2494,2622,False,7,India,71,1000,487,7052,Real,Normal,Low
pschultheissa5,1028,9936,True,4,Canada,34,808,365,30795,Real,Normal,Low
clynocka6,6877,2849,True,19,India,42,284,481,75426,Real,Influencer,High
fbaddoea7,5031,9214,False,15,Canada,87,366,68,27696,Real,Normal,Medium
vshalla8,3963,4521,True,11,Canada,83,659,283,70847,Real,Normal,Medium
atidburya9,3252,5736,False,4,India,33,503,99,62441,Real,Normal,Low
nbateyaa,3811,7359,False,7,Canada,45,91,138,32907,Real,Normal,Medium
rhowsonab,1855,2733,False,5,USA,5,799,123,69609,Real,Normal,Medium
abywatersac,8922,7564,False,7,India,97,895,130,45284,Real,Normal,Medium
mpykermanad,2294,691,True,17,Canada,28,843,176,27761,Real,Normal,Medium
ymanuelliae,9554,5674,False,11,Canada,1,939,279,82014,Real,Normal,Medium
mpruceaf,8073,1907,False,8,Canada,29,265,251,61682,Real,Normal,Medium
moffenerag,2724,5314,True,9,India,31,789,380,96069,Real,Normal,Medium
kchidlowah,4584,2546,False,11,India,75,104,409,75721,Real,Normal,Medium
agaultai,4061,5325,True,10,Canada,79,837,266,15085,Real,Normal,Low
bciccottoaj,9516,9005,True,17,Canada,26,49,85,52095,Real,Normal,High
cferrerak,9598,6174,False,3,Canada,48,539,326,26097,Real,Normal,Low
sdebruinal,4254,539,False,6,USA,93,476,409,21314,Real,Normal,Medium
jlympanyam,8972,4597,False,12,Canada,31,110,294,65918,Real,Normal,Medium
mluckettan,8252,8462,True,19,USA,17,353,304,57287,Real,Normal,High
khawtonao,6534,4288,True,18,Canada,42,112,117,1840,Real,Influencer,Low
cgiorgeschiap,9532,5000,False,6,Canada,86,682,128,47323,Real,Normal,Medium
emathisaq,2341,8818,True,14,USA,52,776,200,21757,Real,Normal,Medium
cswinleyar,2528,2327,False,12,USA,53,421,305,1346,Real,Normal,Low
rkeelinas,8648,2639,False,19,India,35,192,107,81046,Real,Normal,High
wantoniuttiat,599,4354,True,2,USA,21,447,97,92306,Real,Normal,Low
ndowderswellau,5563,6103,True,4,Canada,85,525,294,23734,Real,Normal,Low
cfarryanav,1094,1322,True,3,USA,15,643,133,77112,Real,Normal,Low
sscourgeaw,6981,360,False,19,India,41,752,419,43191,Real,Normal,Medium
nlambdinax,5401,9693,False,13,India,50,349,403,22006,Real,Normal,Medium
edrageay,2707,2280,True,2,Canada,39,94,241,49995,Real,Influencer,Low
rjancicaz,1739,6495,True,11,India,68,278,136,15140,Real,Normal,Low
gnightingaleb0,7104,5304,False,9,Canada,10,224,49,86408,Real,Normal,Medium
mjemisonb1,5333,9779,False,9,Canada,99,568,376,29891,Real,Normal,Medium
dpleaseb2,7612,6263,False,16,India,6,67,273,64227,Real,Normal,High
bcollacombeb3,3453,131,True,8,Canada,41,9,118,73896,Real,Influencer,Medium
gpolinob4,4444,509,True,9,Canada,12,230,449,13452,Real,Normal,Low
ustenhouseb5,4206,6806,True,18,USA,90,341,395,53997,Real,Normal,High
gitzcovichb6,3362,7237,False,18,India,28,817,196,54447,Fake,N/A,High
lspradberyb7,6991,8501,True,10,Canada,83,921,342,28009,Real,Normal,Medium
cbellb8,8384,5565,False,2,USA,56,640,220,6868,Real,Normal,Low
bwilbrahamb9,7434,4309,True,19,Canada,100,661,405,79506,Real,Influencer,High
shearneba,8629,3492,False,2,Canada,24,478,104,75522,Real,Normal,Low
tbielfeldbb,6339,4230,True,19,India,63,221,220,63090,Real,Influencer,High
rbachnicbc,8577,2239,False,19,USA,5,346,376,69026,Real,Normal,High
esparrowebd,3116,8899,False,5,USA,82,847,118,52590,Fake,N/A,Medium
bkerblerbe,6571,4724,True,11,USA,52,622,239,32719,Real,Influencer,Medium
groundtreebf,1941,2066,True,12,Canada,88,948,374,79671,Real,Normal,Medium
cneamebg,35,2831,False,4,Canada,12,65,38,29719,Fake,N/A,Low
pmccardlebh,2733,6510,False,6,Canada,26,145,201,58627,Fake,N/A,Medium
emattissonbi,3009,6289,False,9,India,78,676,410,34131,Real,Normal,Medium
slehuquetbj,7233,3031,False,11,Canada,52,836,70,39311,Real,Normal,Medium
blosebybk,3992,3524,False,7,India,54,252,472,50901,Real,Normal,Medium
ddjurkovicbl,5461,9694,False,4,Canada,90,916,17,33426,Real,Normal,Low
obartoccibm,5603,2539,False,13,Canada,61,807,199,13400,Real,Normal,Low
rhuntressbn,9926,7619,True,7,Canada,2,486,83,32434,Real,Normal,Medium
mleleubo,8283,4721,True,2,USA,48,755,375,89815,Real,Influencer,Low
gcastellinobp,8633,9578,True,19,Canada,3,34,434,43233,Real,Normal,Medium
nreadebq,6854,4707,False,2,Canada,88,547,498,61337,Real,Normal,Low
njackbr,402,7644,True,2,India,96,918,138,81419,Real,Normal,Low
sjenkingbs,5661,7680,True,20,India,62,665,485,76296,Real,Normal,High
nvaladezbt,2663,6999,False,15,Canada,57,833,198,60669,Fake,N/A,High
bbertlinbu,3895,8115,True,18,USA,61,452,104,62941,Real,Normal,High
cduesterbv,5148,972,True,10,USA,32,108,185,20223,Real,Influencer,Medium
hmatignonbw,4983,3948,False,6,USA,93,590,24,12439,Real,Normal,Low
ppetyaninbx,6152,3391,True,5,Canada,38,994,348,47380,Real,Influencer,Medium
ocrameby,5005,6501,True,5,Canada,43,357,372,41415,Real,Normal,Medium
cwinspearebz,1434,9100,False,18,Canada,73,897,362,6076,Fake,N/A,Low
lbeakec0,7941,2236,True,12,India,81,328,135,22969,Real,Influencer,Medium
tfeatherstonec1,427,4575,False,3,India,73,415,364,51683,Fake,N/A,Low
mmcpaikec2,7394,8602,True,15,India,17,925,93,93177,Real,Normal,High
cmckevittc3,2556,7762,True,9,India,38,960,475,66812,Real,Normal,Medium
ccregeenc4,3153,8471,False,10,Canada,2,731,128,37957,Fake,N/A,Medium
dhouseagoc5,2149,986,True,2,India,36,938,24,87573,Real,Normal,Low
tblabeyc6,6105,5251,True,5,Canada,0,343,403,77702,Real,Normal,Medium
escheuc7,3579,4415,False,18,USA,8,662,481,16397,Real,Normal,Low
igorkec8,2365,5309,True,15,India,85,210,451,82576,Real,Normal,High
pdeeblec9,2301,8560,False,13,Canada,36,227,188,76035,Fake,N/A,Medium
wbalbeckca,1456,7590,True,3,USA,63,552,497,9512,Real,Normal,Low
ajouanetcb,1387,5416,True,4,USA,2,375,52,73792,Real,Normal,Low
imcshirriecc,4415,7752,False,11,Canada,80,390,424,80734,Real,Normal,Medium
ovollethcd,9642,6517,True,8,India,11,498,145,35950,Real,Normal,Medium
cloxtonce,5270,4976,True,14,India,70,329,245,38162,Real,Influencer,Medium
gdevaancf,1254,1481,True,2,USA,91,662,317,30950,Real,Normal,Low
ssibborncg,7063,3279,True,10,India,57,531,396,19514,Real,Influencer,Low
iblatchfordch,4970,2026,True,2,USA,64,238,468,4953,Real,Influencer,Low
mcadremanci,67,7991,True,2,USA,53,68,426,73236,Real,Normal,Low
cbernthcj,6338,8132,False,2,USA,52,678,131,68037,Real,Normal,Low
pwidmoorck,791,9294,False,20,Canada,8,730,229,42911,Fake,N/A,Medium
desherwoodcl,6784,646,True,20,Canada,45,908,84,56378,Real,Influencer,High
rstentcm,7232,4984,False,5,USA,78,663,54,8394,Real,Normal,Low
wbevillecn,3421,9652,False,14,India,74,312,16,13184,Fake,N/A,Low
sbetancourtco,6511,7270,False,20,India,97,509,422,57583,Real,Normal,High
gmontrosecp,7042,8698,False,3,India,73,121,417,12551,Real,Normal,Low
bcrimpcq,5964,3830,False,5,India,6,717,80,77859,Real,Normal,Medium
bchidzoycr,3420,560,True,18,Canada,97,410,327,51569,Real,Influencer,High
glebancs,9597,8420,True,7,Canada,88,175,380,88329,Real,Influencer,Medium
clownect,3220,2024,True,15,India,40,274,199,1943,Real,Influencer,Low
mglassoncu,3970,4027,False,17,India,73,676,277,20205,Real,Normal,Medium
smcmackincv,5000,2532,True,7,Canada,96,116,245,89518,Real,Influencer,Medium
pfearoncw,5789,9352,True,2,USA,61,530,377,8279,Real,Normal,Low
pdassindalecx,8198,3734,True,14,Canada,38,117,208,38168,Real,Influencer,Medium
tomannioncy,9096,92,False,15,USA,63,580,302,75830,Real,Normal,High
apalliscz,5930,9155,False,9,Canada,13,191,399,58246,Real,Normal,Medium
flitchfieldd0,5325,8569,False,13,Canada,91,625,277,20789,Real,Normal,Medium
hhussetd1,1813,3401,False,11,Canada,44,997,281,13899,Real,Normal,Low
gstanbrooked2,4406,3687,False,16,India,44,142,351,32147,Real,Normal,Medium
gneillansd3,2316,2649,True,15,USA,92,356,243,75233,Real,Normal,High
gdouched4,3930,1512,False,2,India,33,433,204,78695,Real,Normal,Low
hwhettletond5,9756,3174,False,10,Canada,10,183,23,40336,Real,Normal,Medium
cboutcherd6,1875,9589,True,13,USA,95,290,421,10469,Real,Normal,Low
jruttyd7,2007,8936,False,5,Canada,11,89,500,82692,Fake,N/A,Medium
dcockind8,8504,5653,True,6,Canada,100,12,41,27082,Real,Influencer,Medium
lofihilyd9,7000,7047,False,7,Canada,50,327,260,42593,Real,Normal,Medium
kwarrenerda,9831,6458,True,16,USA,57,478,467,34922,Real,Influencer,Medium
sbusherdb,8419,9042,True,20,USA,14,16,247,66400,Real,Normal,High
kelstonedc,8793,7146,False,10,Canada,99,796,172,67295,Real,Normal,Medium
kdericotdd,6898,1734,True,17,India,35,491,305,40177,Real,Influencer,Medium
tdericutde,5092,7990,True,6,USA,58,280,220,34486,Real,Normal,Medium
dmolineuxdf,2148,4504,False,19,Canada,77,864,86,6344,Real,Normal,Low
jortetdg,6304,8828,True,2,India,19,456,183,85338,Real,Normal,Low
wlisamoredh,7115,7619,True,14,Canada,17,454,183,17678,Real,Normal,Low
bwitnalldi,741,5040,True,18,India,78,476,6,64449,Real,Normal,High
eshatliffdj,7623,2397,False,7,India,76,101,345,98351,Real,Normal,Medium
alegerwooddk,2470,8316,True,9,Canada,65,504,477,6917,Real,Normal,Low
rduchesnedl,5688,1997,True,6,USA,20,954,317,24499,Real,Normal,Medium
usnailhamdm,6443,647,False,19,Canada,52,194,423,34041,Real,Normal,Medium
eboughdn,7628,1318,True,8,USA,93,674,284,61927,Real,Influencer,Medium
msommerfelddo,3409,9911,False,7,Canada,8,209,432,72017,Fake,N/A,Medium
clevanedp,6069,8389,True,4,USA,37,613,442,3442,Real,Normal,Low
djulliandq,4705,8852,False,20,USA,39,32,211,22800,Real,Normal,Medium
bgulbergdr,6609,7754,True,16,Canada,12,668,346,66623,Real,Normal,High
pbuffyds,9298,9239,True,3,Canada,2,565,401,6097,Real,Normal,Low
ksamwayedt,7725,550,False,18,USA,10,895,413,73124,Real,Normal,High
cverndu,938,1346,False,11,India,87,332,358,28308,Real,Normal,Medium
dmaliffedv,6727,9711,True,3,USA,3,630,393,95960,Real,Normal,Low
myarralldw,1958,920,True,19,India,10,52,226,39533,Real,Normal,Medium
dlyndedx,7470,1973,False,18,USA,55,863,120,33972,Real,Normal,Medium
uthorwarthdy,8357,1581,True,8,India,48,676,168,43743,Real,Influencer,Medium
gwhyborndz,9879,259,True,4,USA,11,235,84,45683,Real,Normal,Low
egriswaitee0,9891,5233,True,1,USA,58,594,408,822,Real,Influencer,Low
scoggane1,5620,3263,True,12,India,73,620,276,29566,Real,Influencer,Medium
oridoutte2,3737,8451,True,10,USA,75,358,98,6034,Real,Normal,Low
knourye3,8091,997,False,15,Canada,37,470,289,51241,Real,Normal,High
ahancorne4,5106,2315,True,20,USA,4,867,297,12478,Real,Normal,Low
kpennycuicke5,9909,8528,False,8,USA,90,113,305,13874,Real,Normal,Low
pbussonse6,6472,6376,True,9,India,75,4,10,60716,Real,Influencer,Medium
apaolie7,6851,4459,True,9,India,11,223,63,33890,Real,Normal,Medium
ahowitte8,8904,3916,False,3,India,61,5,13,30397,Real,Normal,Low
cbeige9,6643,9444,True,6,India,74,39,492,23858,Real,Normal,Medium
esilverlockea,9172,2805,False,1,USA,25,857,333,49244,Real,Normal,Low
jhoulridgeeb,8790,2194,False,16,USA,44,541,44,23241,Real,Normal,Medium
pavesec,1060,7178,True,12,USA,59,942,471,47376,Real,Normal,Medium
jziemed,3405,4083,False,17,USA,20,679,357,12838,Real,Normal,Low
dgievesee,4201,5530,True,13,USA,74,748,452,99129,Real,Normal,Medium
slansberryef,3029,6215,False,5,Canada,52,303,58,15952,Real,Normal,Low
mdalgarnowcheg,8418,5771,True,17,India,66,697,437,10017,Real,Influencer,Low
bwildasheh,2659,2811,True,2,Canada,25,863,315,28319,Real,Normal,Low
mclilverdei,1114,6169,True,10,USA,36,272,382,70269,Real,Normal,Medium
lboothjarvisej,2716,7365,False,7,Canada,71,88,211,81530,Fake,N/A,Medium
hmayberyek,981,2286,False,1,USA,65,194,298,90784,Fake,N/A,Low
ccotterrillel,5069,3178,True,17,Canada,100,667,19,17492,Real,Influencer,Low
rprendergrastem,7462,9385,True,8,Canada,53,192,304,3191,Real,Normal,Low
creeken,5592,15,False,7,USA,72,934,214,69010,Real,Normal,Medium
dducareleo,9592,4963,True,10,USA,93,567,211,30717,Real,Influencer,Medium
cterrisep,2511,1175,False,17,India,49,564,350,95770,Real,Normal,High
esutehalleq,2499,2962,True,10,USA,60,250,494,37178,Real,Normal,Medium
cdundridgeer,8917,9434,True,3,India,29,328,328,7741,Real,Normal,Low
mmeneelyes,9720,9489,False,5,Canada,1,381,392,66544,Real,Normal,Medium
bgreeneet,8742,9741,False,7,India,12,721,276,89234,Real,Normal,Medium
pborreleu,2156,5478,True,6,USA,83,618,307,76060,Real,Normal,Medium
nburdyttev,4761,2878,False,10,India,89,59,233,80822,Real,Normal,Medium
cpaulsonew,4271,5037,False,13,USA,44,536,408,11767,Real,Normal,Low
ctremouletex,8772,6413,False,5,India,100,118,11,75478,Real,Normal,Medium
kfroggattey,6207,3761,False,20,Canada,87,966,27,26975,Real,Normal,Medium
baxtonez,1709,4022,False,1,Canada,60,374,301,15895,Fake,N/A,Low
vcaddockf0,2679,9551,False,4,India,29,986,80,36291,Fake,N/A,Low
lsimeonf1,4894,1827,False,15,Canada,26,844,405,11781,Real,Normal,Low
tdunkerlyf2,4005,7196,True,18,USA,65,108,465,1651,Real,Normal,Low
jdeethf3,6004,3978,True,19,India,29,490,104,53674,Real,Normal,High
erojasf4,246,6383,False,10,Canada,80,149,478,84221,Fake,N/A,Medium
thimsworthf5,3951,655,True,7,Canada,25,143,337,97649,Real,Normal,Medium
owhicherf6,7305,9361,True,17,India,22,878,389,99175,Real,Normal,High
zpiserf7,7833,4832,False,19,Canada,91,964,222,19810,Real,Normal,Low
plubmanf8,1167,2414,False,18,India,99,803,397,94521,Real,Normal,High
odemeltf9,4960,1729,True,18,USA,20,196,165,76287,Real,Normal,High
bgagenfa,3053,5577,True,17,Canada,64,713,360,49309,Real,Normal,Medium
cellerayfb,9798,8336,True,14,India,9,632,126,93128,Real,Normal,High
awolfendalefc,8791,6222,False,19,India,20,599,334,2179,Real,Normal,Low
cickovicfd,6195,5003,True,18,Canada,91,837,237,57087,Real,Influencer,High
lpeattiefe,202,6397,True,2,Canada,40,563,300,443,Real,Normal,Low
estrothersff,2762,1923,False,16,USA,17,909,115,75247,Real,Normal,High
jcantuafg,5562,5507,True,3,USA,47,22,189,97300,Real,Influencer,Low
clubefh,8875,775,False,9,USA,33,442,495,73558,Real,Normal,Medium
gharnwellfi,7638,2928,False,17,Canada,46,662,352,24373,Real,Normal,Medium
zbotlerfj,3837,6277,True,6,India,4,741,385,17454,Real,Normal,Low
lkynanfk,890,3283,False,7,India,70,54,19,60200,Fake,N/A,Medium
alerohanfl,3915,5867,False,11,Canada,39,469,152,46202,Real,Normal,Medium
tfarrfm,438,1298,True,7,Canada,74,24,76,14361,Real,Normal,Low
wdavenallfn,4295,1705,True,11,USA,83,745,239,40463,Real,Influencer,Medium
thawkswoodfo,2943,2144,True,3,India,44,394,164,17427,Real,Influencer,Low
oturtlefp,9897,1060,True,18,Canada,84,681,345,39775,Real,Influencer,Medium
zritellifq,1649,2281,False,11,Canada,60,992,217,44173,Real,Normal,Medium
amarvalfr,5437,3474,True,20,Canada,34,266,438,58070,Real,Influencer,High
dtumininifs,2687,2601,True,5,India,17,877,367,202,Real,Normal,Low
emostynft,1694,7182,True,13,USA,66,534,392,29210,Real,Normal,Medium
dclooneyfu,5724,8672,True,8,Canada,12,76,473,43844,Real,Normal,Medium
jblindefv,3969,1182,False,19,India,99,398,146,21535,Real,Normal,Medium
asaturleyfw,8188,9436,False,10,Canada,6,630,23,78108,Real,Normal,Medium
hjobbingfx,4046,8200,True,10,Canada,21,921,353,7217,Real,Normal,Low
jkinnenfy,7960,3798,True,9,India,59,947,411,6872,Real,Influencer,Low
smarcombefz,4603,8644,False,17,India,63,77,376,49237,Real,Normal,Medium
jcarrolg0,9893,7885,False,7,Canada,30,202,28,72622,Real,Normal,Medium
cbabbidgeg1,1102,4871,True,11,USA,29,2,117,64581,Real,Normal,Medium
rbinnallg2,6799,4237,True,20,Canada,94,347,339,27467,Real,Influencer,Medium
dwitcombeg3,4968,5752,True,15,India,27,816,388,98761,Real,Normal,High
kmckeagg4,5287,4228,False,11,USA,56,0,178,1431,Real,Normal,Low
rtilbeyg5,5868,6409,False,8,India,6,384,176,32738,Real,Normal,Medium
chamshereg6,2649,2121,True,19,USA,87,324,255,16555,Real,Influencer,Low
jhalburtong7,6534,3369,False,18,India,70,371,265,37210,Real,Normal,Medium
ccorderyg8,2001,5974,True,5,India,46,2,457,91427,Real,Normal,Medium
dsutcliffg9,9612,5601,False,5,Canada,96,307,163,74397,Real,Normal,Medium
cmillichapga,3077,7024,False,20,USA,36,618,150,63627,Fake,N/A,High
jfolleygb,3154,1490,False,16,Canada,10,557,492,74486,Real,Normal,High
fmccurtaingc,302,8316,False,11,USA,87,231,408,76223,Fake,N/A,Medium
tcorkillgd,2455,4381,True,11,Canada,57,109,275,50583,Real,Normal,Medium
ewinleyge,639,5877,True,7,Canada,50,729,420,13316,Real,Normal,Low
gsharphurstgf,623,2333,True,5,Canada,42,847,80,3262,Real,Normal,Low
sdrewerygg,4898,3886,True,6,Canada,87,38,198,54590,Real,Influencer,Medium
wpetrasekgh,3280,7577,True,1,Canada,46,958,305,2977,Real,Normal,Low
msimonsgi,6508,2891,False,7,Canada,60,281,48,24305,Real,Normal,Medium
apynngj,985,7604,True,12,India,26,261,183,3345,Real,Normal,Low
atallisgk,3534,5803,False,11,India,43,256,201,86172,Real,Normal,Medium
jrengl,3065,7325,False,8,India,76,393,144,59166,Fake,N/A,Medium
jsimcoxgm,7439,1160,False,4,India,79,665,174,63757,Real,Normal,Low
lmillwardgn,7507,6721,False,13,India,21,323,345,6826,Real,Normal,Low
ncreebogo,7891,5610,True,14,India,74,847,182,94834,Real,Influencer,High
utroutbeckgp,4483,2896,True,11,USA,71,240,108,37086,Real,Influencer,Medium
askippengq,6694,6087,False,7,India,84,894,467,54153,Real,Normal,Medium
nartistgr,5033,2898,False,1,USA,91,958,437,52926,Real,Normal,Low
bbountiffgs,5334,3574,False,20,USA,43,0,162,41438,Real,Normal,Medium
nrydzynskigt,2836,4764,True,5,Canada,60,314,298,4240,Real,Normal,Low
glempertzgu,7190,2446,True,9,Canada,7,989,202,23787,Real,Normal,Medium
mcrabtreegv,9334,5438,False,18,Canada,9,902,78,6987,Real,Normal,Low
bbillinggw,8608,1788,True,6,Canada,18,975,16,73658,Real,Normal,Medium
ogoldringgx,3622,2431,True,11,India,48,700,218,62911,Real,Influencer,Medium
aamargy,3320,8802,False,8,USA,31,62,149,63958,Fake,N/A,Medium
estanwaygz,6027,4169,False,17,India,28,224,362,89987,Real,Normal,High
hgiovanizioh0,3222,6249,False,17,India,52,475,76,23110,Real,Normal,Medium
mlongh1,3892,2413,True,17,India,63,338,203,60806,Real,Influencer,High
gmcallisterh2,2654,9154,False,12,India,0,524,170,88744,Fake,N/A,Medium
scraneyh3,6801,5658,False,11,USA,4,160,55,56621,Real,Normal,Medium
lbrehath4,7808,4788,False,1,India,22,706,210,28609,Real,Normal,Low
jwhipph5,4912,5866,False,7,Canada,97,298,188,31875,Real,Normal,Medium
jwerndlyh6,4426,1616,True,14,USA,44,318,205,95189,Real,Influencer,High
dsykesh7,4076,6979,True,20,Canada,21,588,295,14657,Real,Normal,Low
efitzharrish8,9525,6731,False,13,USA,58,637,409,67358,Real,Normal,Medium
lhorriganh9,538,6087,True,4,Canada,49,534,379,21266,Real,Normal,Low
hozanneha,8830,5058,False,4,India,28,430,384,37376,Real,Normal,Low
kprayhb,84,4236,False,5,India,6,204,206,79516,Fake,N/A,Medium
estannerhc,1916,7302,True,17,India,0,6,14,28006,Real,Normal,Medium
mrawlisonhd,4629,4985,True,1,India,92,148,144,78558,Real,Normal,Low
rleedhe,893,4722,True,18,USA,36,72,331,41973,Real,Normal,Medium
dgawnhf,3018,9217,False,2,India,59,29,311,12553,Fake,N/A,Low
csimisterhg,2714,1378,True,1,Canada,58,70,495,8790,Real,Influencer,Low
cmcenteehh,8216,1849,True,6,Canada,46,450,335,68558,Real,Influencer,Medium
hwilcockeshi,7715,7822,False,3,India,54,621,84,63189,Real,Normal,Low
fwhitelockhj,5036,4935,True,14,Canada,82,592,116,9398,Real,Influencer,Low
lkennerknechthk,7235,8145,True,19,USA,19,211,97,63059,Real,Normal,High
llinayhl,1678,8837,False,10,India,74,261,230,50833,Fake,N/A,Medium
dchallenshm,2140,6962,True,15,India,67,928,17,51308,Real,Normal,High
tburtwistlehn,4580,4893,True,12,USA,75,294,174,44927,Real,Normal,Medium
gemmotho,6014,4849,False,8,USA,31,303,85,60627,Real,Normal,Medium
hcrudgingtonhp,2776,3419,False,9,India,23,561,373,77518,Real,Normal,Medium
wrolancehq,2465,8251,True,13,USA,60,564,94,52798,Real,Normal,Medium
mbouldshr,9817,2044,True,20,USA,18,95,351,7572,Real,Normal,Low
jsilverwoodhs,3773,348,False,11,India,66,880,222,87533,Real,Normal,Medium
totimonyht,4369,5675,True,3,USA,52,381,211,95629,Real,Normal,Low
mmockerhu,8747,1312,True,9,USA,30,46,391,98663,Real,Influencer,Medium
bbrittlehv,9999,883,True,8,Canada,71,259,210,15392,Real,Influencer,Low
mminshullhw,1001,7243,True,9,India,78,6,473,98067,Real,Normal,Medium
cticehx,9199,6878,True,7,India,75,163,1,78630,Real,Influencer,Medium
ldurnianhy,3099,4521,True,10,USA,19,757,217,99377,Real,Normal,Medium
mfarnhz,2012,5942,True,5,Canada,32,59,247,36124,Real,Normal,Medium
llagoi0,3774,9856,True,8,Canada,48,399,472,27157,Real,Normal,Medium
omccolei1,1010,3752,False,20,Canada,81,372,215,81072,Fake,N/A,High
istroodi2,3233,7518,True,16,Canada,94,673,41,46324,Real,Normal,Medium
lpomfreti3,4022,24,True,16,Canada,89,787,237,79597,Real,Influencer,High
vmurbyi4,8765,1856,False,1,India,27,497,336,23214,Real,Normal,Low
amolesworthi5,1364,6003,False,14,India,81,959,465,31167,Fake,N/A,Medium
kconibeeri6,7866,575,True,18,USA,62,744,370,58540,Real,Influencer,High
livesi7,6438,1731,True,12,USA,34,836,271,80593,Real,Influencer,Medium
rtaplini8,2962,2615,True,8,USA,81,73,56,19021,Real,Influencer,Low
rtuplingi9,1185,6264,True,13,Canada,85,517,402,55025,Real,Normal,Medium
mdonovania,4695,6864,True,8,India,56,545,99,35949,Real,Normal,Medium
lgrundyib,9737,9956,True,16,India,42,193,328,86239,Real,Normal,High
kbrodneckeic,8232,7912,True,13,USA,31,39,424,77329,Real,Influencer,Medium
ucorderoyid,4866,1201,True,2,USA,50,655,206,56948,Real,Influencer,Low
adealie,2759,8204,False,17,India,36,969,0,77105,Fake,N/A,High
ckelbererif,7078,412,True,15,India,38,653,472,83123,Real,Influencer,High
vslaightig,5491,5376,False,14,India,66,398,8,84599,Real,Normal,High
alowthianih,9241,2491,True,2,USA,96,272,368,85345,Real,Influencer,Low
jdoornbosii,3480,9475,True,16,Canada,70,262,87,44657,Real,Normal,Medium
kleiferij,8945,6775,True,17,India,47,758,48,5605,Real,Influencer,Low
lladdleik,9109,794,False,10,Canada,72,113,158,45749,Real,Normal,Medium
ngriffenil,3279,1681,True,15,Canada,87,860,12,75799,Real,Influencer,High
loliverpaullim,2434,5559,False,15,India,42,146,330,13076,Fake,N/A,Low
dnoenin,3361,7448,False,11,Canada,14,605,84,74959,Fake,N/A,Medium
rjanesio,7117,2408,True,18,India,4,337,53,8814,Real,Normal,Low
odabinettip,9033,9713,True,12,USA,86,310,17,97977,Real,Normal,Medium
gjedrzejewicziq,4592,4866,False,11,India,76,328,163,34570,Real,Normal,Medium
btutchingsir,2055,4698,False,20,USA,19,968,136,24060,Fake,N/A,Medium
hgreystockis,7159,8600,True,4,USA,89,134,283,48332,Real,Normal,Low
avillait,4320,8639,False,9,USA,53,661,390,70201,Real,Normal,Medium
jfaucettiu,5413,8383,True,8,USA,86,56,423,8465,Real,Normal,Low
flaugieriv,3823,653,True,14,USA,87,157,471,65911,Real,Influencer,High
lbouldeiw,265,4894,False,17,India,76,499,343,9220,Fake,N/A,Low
jshrieveix,2657,2981,False,2,Canada,49,934,251,82474,Real,Normal,Low
efladgateiy,7592,7390,True,13,Canada,54,571,174,13688,Real,Influencer,Low
sabrahamseniz,9049,6207,False,17,USA,100,370,367,22804,Real,Normal,Medium
tparlourj0,4279,7986,False,10,Canada,35,765,222,2325,Real,Normal,Low
kgartinj1,200,482,True,11,India,36,972,10,23507,Real,Normal,Medium
treadittj2,5651,1299,True,18,Canada,71,171,237,59048,Real,Influencer,High
sschukertj3,965,4406,False,1,USA,60,401,48,27806,Fake,N/A,Low
ldumingoj4,2285,6660,True,5,Canada,43,315,247,64284,Real,Normal,Medium
dlerhinanj5,6015,4938,False,1,USA,9,443,433,57674,Real,Normal,Low
gletessierj6,8154,5921,True,15,India,73,67,110,97685,Real,Influencer,High
mbrazearj7,7100,6495,False,2,India,17,840,200,5959,Real,Normal,Low
jbehrensj8,5998,4660,False,7,USA,39,445,414,40458,Real,Normal,Medium
rklynj9,9428,426,True,13,USA,36,730,150,56494,Real,Influencer,Medium
amulhollandja,4322,1932,True,20,Canada,76,95,32,39959,Real,Influencer,Medium
hsturrorjb,7660,7635,False,20,India,62,453,410,22474,Real,Normal,Medium
mbanishevitzjc,4974,1362,True,15,USA,94,70,219,49951,Real,Influencer,Medium
esirljd,2578,9914,False,19,USA,88,404,414,96632,Fake,N/A,High
rnapoleonje,9717,2730,True,3,India,85,819,150,35195,Real,Influencer,Low
dharnorjf,5970,6603,True,18,Canada,20,321,165,15396,Real,Normal,Low
lwinstonjg,3190,880,True,6,India,31,796,262,58479,Real,Influencer,Medium
adybaldjh,6847,6708,True,7,India,4,309,208,61941,Real,Normal,Medium
pdumbellji,8818,1852,False,5,India,58,117,303,8918,Real,Normal,Low
htwinbournejj,9039,1465,True,12,USA,84,856,143,85299,Real,Influencer,Medium
odurjk,8748,4689,True,17,Canada,7,770,40,32677,Real,Normal,Medium
pmatticcijl,3608,5442,False,9,Canada,56,531,446,28825,Real,Normal,Medium
tgarmonjm,557,5130,True,20,Canada,7,423,489,37255,Real,Normal,Medium
gsalamonjn,5587,9301,False,15,Canada,81,500,51,31542,Real,Normal,Medium
gjohannessonjo,9371,1117,False,4,USA,6,868,417,40281,Real,Normal,Low
tcordiejp,3835,5298,True,1,Canada,16,252,483,30931,Real,Normal,Low
fmaccartanjq,5917,1904,False,19,Canada,60,812,420,52737,Real,Normal,High
tledgerjr,3876,3153,True,11,USA,47,637,38,8886,Real,Influencer,Low
felmerjs,9880,9171,True,10,USA,22,746,486,29541,Real,Normal,Medium
cbancejt,4966,7355,False,5,USA,16,167,227,91361,Real,Normal,Medium
glachaizeju,5510,164,True,17,Canada,52,138,80,57137,Real,Influencer,High
bpottiejv,9577,4666,False,16,USA,20,679,421,64267,Real,Normal,High
apicfordjw,7808,7527,False,7,USA,6,506,481,88351,Real,Normal,Medium
oclaeskensjx,7544,3138,False,20,USA,90,706,351,56546,Real,Normal,High
hjewesjy,8154,2644,False,8,India,52,375,372,67295,Real,Normal,Medium
shavertyjz,8905,163,False,6,Canada,65,790,351,52022,Real,Normal,Medium
aduckeringk0,7372,1763,False,7,India,34,1000,308,76266,Real,Normal,Medium
epechacekk1,1505,579,True,20,Canada,34,686,6,15737,Real,Normal,Low
dcopek2,4810,386,False,10,India,15,504,465,22950,Real,Normal,Medium
rmalcolmsonk3,4260,3719,False,13,USA,4,158,298,1173,Real,Normal,Low
jgregorink4,4251,7494,True,13,India,38,108,410,64663,Real,Normal,Medium
fmacgiollak5,6246,4482,True,11,India,1,358,447,83136,Real,Normal,Medium
epavyerk6,3527,4599,False,20,India,48,25,169,11256,Real,Normal,Low
ihinchcliffek7,1785,8382,False,17,USA,24,438,344,44054,Fake,N/A,Medium
spelerink8,1183,8118,False,11,USA,42,241,88,15794,Fake,N/A,Low
glunneyk9,6738,6515,False,12,India,67,199,388,17438,Real,Normal,Low
epercheka,8403,8422,True,8,USA,47,559,66,77018,Real,Normal,Medium
dsparhamkb,671,6213,True,15,USA,62,395,18,67416,Real,Normal,High
ssterlingkc,1512,2202,True,7,USA,53,676,389,83912,Real,Normal,Medium
awardhaughkd,4600,3598,True,8,USA,25,498,153,2837,Real,Normal,Low
rgullefordke,8916,1241,False,16,USA,80,958,42,75501,Real,Normal,High
dsellmankf,1212,4746,False,18,USA,76,304,20,65212,Fake,N/A,High
gscarekg,7449,8721,True,9,India,14,204,240,19420,Real,Normal,Low
jgodierkh,4881,9947,False,6,Canada,34,617,249,69065,Real,Normal,Medium
joleyki,7234,1451,True,14,USA,97,772,470,42864,Real,Influencer,Medium
ctomczynskikj,1793,8848,True,14,Canada,59,313,473,6569,Real,Normal,Low
llearmontkk,110,4112,False,4,India,50,112,489,10698,Fake,N/A,Low
ncardoekl,7799,6961,True,16,USA,42,651,469,90557,Real,Influencer,High
mplaisterkm,7855,7477,True,16,India,41,392,242,8865,Real,Influencer,Low
kparffreykn,1047,7073,True,18,Canada,14,916,492,92109,Real,Normal,High
psavinko,9017,3325,False,2,India,40,355,231,95641,Real,Normal,Low
claitykp,8410,7813,False,7,India,49,175,47,86369,Real,Normal,Medium
aberresfordkq,1025,4253,True,12,Canada,47,602,359,38093,Real,Normal,Medium
atremethackkr,8421,2529,True,9,India,1,921,48,2831,Real,Normal,Low
arigardeauks,3193,883,True,19,USA,60,108,140,44888,Real,Influencer,Medium
jcopellikt,3099,4255,False,14,India,90,252,138,61690,Real,Normal,High
kdunlapku,2989,6800,False,19,Canada,90,660,109,59852,Fake,N/A,High
dhazelbykv,8569,7947,False,1,India,82,889,403,52947,Real,Normal,Low
pmitroshinovkw,8032,7016,False,12,USA,57,187,323,50929,Real,Normal,Medium
ehinrichskx,5737,7023,False,2,India,9,167,489,362,Real,Normal,Low
lludlomky,4558,3793,True,16,Canada,11,310,305,25140,Real,Normal,Medium
hhearsonkz,1591,3092,True,20,India,100,141,21,32398,Real,Normal,Medium
dcorderl0,1818,2195,True,20,India,31,189,5,51746,Real,Normal,High
zthorl1,5019,1815,False,5,Canada,34,658,436,13397,Real,Normal,Low
aoconnollyl2,8885,7563,True,7,USA,80,20,47,38495,Real,Influencer,Medium
gsimonittol3,7615,8160,False,15,Canada,97,850,47,35210,Real,Normal,Medium
ppennettil4,6824,4014,False,12,India,83,450,164,82336,Real,Normal,Medium
mromkel5,9313,547,True,9,USA,50,625,394,74785,Real,Influencer,Medium
bgreallyl6,5174,4938,True,11,Canada,59,549,478,56454,Real,Influencer,Medium
malvenl7,6749,3025,True,5,USA,85,211,209,13107,Real,Influencer,Low
lgehringerl8,2004,1258,False,8,India,44,445,137,52418,Real,Normal,Medium
sfawdryl9,3947,1272,False,8,Canada,17,602,372,34378,Real,Normal,Medium
csandiferla,8352,192,False,10,Canada,0,766,326,34297,Real,Normal,Medium
jgisbeylb,1691,5877,False,19,India,95,3,239,25732,Fake,N/A,Medium
fhuckerbylc,3674,2254,True,8,India,16,451,84,91877,Real,Normal,Medium
tfrostickld,1550,1437,False,4,Canada,84,97,245,4528,Real,Normal,Low
sshoutle,2415,6314,True,1,Canada,67,208,90,96911,Real,Normal,Low
rcordeletlf,568,4401,False,11,India,49,79,380,86441,Fake,N/A,Medium
lcamseylg,8026,2129,False,11,Canada,62,376,40,95881,Real,Normal,Medium
hnorcottlh,6450,3058,False,6,USA,86,229,295,14567,Real,Normal,Low
acartmanli,6277,171,False,19,USA,93,57,158,16340,Real,Normal,Low
srolinsonlj,5754,3854,False,17,USA,71,244,196,10694,Real,Normal,Low
ameuselk,5050,5246,True,17,India,27,494,11,2201,Real,Normal,Low
mmalatalantll,7628,6617,True,2,India,52,830,405,31861,Real,Influencer,Low
sroyalllm,3873,6154,False,4,India,37,351,404,79389,Real,Normal,Low
emaddysonln,3742,5304,False,11,India,9,730,65,85432,Real,Normal,Medium
csargersonlo,6912,1762,True,11,USA,16,221,1,71623,Real,Normal,Medium
kpaveselp,2762,9625,True,15,USA,33,180,468,65653,Real,Normal,High
aabbatuccilq,4126,8781,True,5,India,51,226,292,28720,Real,Normal,Medium
hconanlr,388,9454,True,11,USA,52,412,65,24516,Real,Normal,Medium
dramblels,1626,1016,False,3,Canada,72,691,472,1390,Real,Normal,Low
nbergetlt,2788,3807,True,20,Canada,90,326,350,31189,Real,Normal,Medium
npairemanlu,1773,5408,False,5,USA,22,399,122,53986,Fake,N/A,Medium
mkewardlv,2808,6533,False,16,India,96,224,465,63289,Fake,N/A,High
wkellylw,6507,167,False,7,India,52,731,468,15437,Real,Normal,Low
edavorenlx,60,3193,False,12,USA,32,615,291,35738,Fake,N/A,Medium
livanonkoly,6705,9780,True,14,India,38,354,498,26114,Real,Normal,Medium
mkitterlz,4004,2758,True,13,India,87,414,19,92144,Real,Influencer,Medium
ccaretm0,2996,9074,False,20,India,28,669,168,61518,Fake,N/A,High
kballintynem1,7216,3116,False,16,Canada,96,499,341,54234,Real,Normal,High
pluchettim2,9981,5375,False,20,USA,39,238,419,89211,Real,Normal,High
wwalewiczm3,2266,4785,True,6,India,54,880,308,35612,Real,Normal,Medium
nmccreerym4,9110,972,False,3,USA,91,44,494,44438,Real,Normal,Low
rdessaurm5,9477,8869,False,14,Canada,37,694,275,8420,Real,Normal,Low
jsizzeym6,6314,7522,True,6,USA,92,482,220,7944,Real,Normal,Low
ychurchwardm7,8812,6100,True,20,Canada,66,138,144,50122,Real,Influencer,High
fguernerm8,574,6265,False,11,USA,29,548,15,61452,Fake,N/A,Medium
rpagenm9,5866,5849,False,16,India,74,765,428,50812,Real,Normal,High
fgouldenma,4258,5550,False,19,India,23,629,475,67156,Real,Normal,High
jdraiseymb,2886,1770,False,20,India,47,136,401,42825,Real,Normal,Medium
ncollumbinemc,3076,7716,False,18,Canada,25,354,441,1535,Fake,N/A,Low
dkullmd,3963,7751,False,20,USA,98,492,260,74804,Real,Normal,High
cmcgettiganme,2130,6946,False,12,Canada,55,571,122,50710,Fake,N/A,Medium
hseabrookmf,4143,9857,True,2,USA,32,902,403,75365,Real,Normal,Low
bbrumhammg,9818,9346,True,19,USA,94,706,270,39046,Real,Influencer,Medium
bschlagtmansmh,6261,2219,True,9,India,84,502,383,41514,Real,Influencer,Medium
ttingcombmi,6561,3833,True,15,India,0,620,91,38479,Real,Normal,Medium
nstobiemj,3834,8602,True,3,India,22,710,395,45379,Real,Normal,Low
ubaconmk,8761,9110,True,14,USA,13,19,129,88261,Real,Normal,High
csprowleml,6809,546,True,1,USA,96,452,178,93613,Real,Influencer,Low
dfalcusmm,8501,2908,True,11,India,94,579,312,32254,Real,Influencer,Medium
rriteleymn,4025,4421,False,1,Canada,75,601,30,68715,Real,Normal,Low
lpentercostmo,2271,439,True,16,India,70,175,46,26357,Real,Normal,Medium
ggrosvenormp,5089,5426,False,17,India,43,253,198,10566,Real,Normal,Low
traggattmq,8738,1734,True,17,USA,73,66,111,93100,Real,Influencer,High
estreetfieldmr,1152,2605,False,8,India,1,284,107,5207,Fake,N/A,Low
cnicems,136,3573,True,9,Canada,63,267,257,4727,Real,Normal,Low
rbuckneymt,2964,8999,True,17,India,12,685,5,46654,Real,Normal,Medium
rmurdymu,4626,4980,False,13,USA,8,434,277,59060,Real,Normal,Medium
jklimmekmv,8264,2780,True,13,India,100,593,61,33771,Real,Influencer,Medium
cklaasmw,9630,1269,True,1,USA,29,724,15,87384,Real,Normal,Low
cchesnaymx,6591,2326,False,8,India,35,698,253,63131,Real,Normal,Medium
abrehaultmy,263,7740,True,14,USA,18,317,414,93694,Real,Normal,High
jlukacsmz,8988,5821,False,17,USA,34,959,255,39708,Real,Normal,Medium
femmensn0,5425,4469,False,9,Canada,73,451,179,16250,Real,Normal,Low
rbredeen1,4423,2199,False,18,Canada,16,423,133,11175,Real,Normal,Low
cwhitmelln2,3754,6520,False,12,Canada,29,598,35,55892,Real,Normal,Medium
fdemorenon3,2724,5972,True,14,India,78,229,434,78265,Real,Normal,High
kchesmann4,3428,3667,False,7,India,89,569,319,57818,Real,Normal,Medium
ushortonn5,5266,8615,True,11,Canada,85,717,16,46991,Real,Normal,Medium
djesseln6,4913,3305,True,8,India,50,751,467,25771,Real,Influencer,Medium
ljurschn7,6680,5115,True,14,India,68,805,481,45181,Real,Influencer,Medium
cveltin8,415,5461,False,12,India,41,550,463,6276,Fake,N/A,Low
mgentn9,9098,6693,False,19,Canada,30,305,398,5724,Real,Normal,Low
tivanyushinna,5286,5804,False,12,USA,87,355,333,84673,Real,Normal,Medium
aguynb,2124,716,False,8,USA,37,647,7,42725,Real,Normal,Medium
khalsteadnc,4297,2236,False,14,Canada,80,276,289,26,Real,Normal,Low
rjunifernd,1037,5131,True,15,Canada,76,98,112,67618,Real,Normal,High
ftiltne,4132,9326,True,10,India,3,479,173,7663,Real,Normal,Low
ecicullonf,8609,7060,True,5,USA,91,126,262,72661,Real,Influencer,Medium
mcolquyteng,5688,9239,False,11,India,49,69,392,25933,Real,Normal,Medium
mspaxmannh,9443,5980,False,11,USA,11,27,236,42725,Real,Normal,Medium
ktavenerni,6370,1271,False,11,India,96,684,200,15152,Real,Normal,Low
drowswellnj,2629,4415,False,13,USA,19,413,368,2606,Real,Normal,Low
dgoodlattnk,7759,417,True,18,USA,24,526,205,96058,Real,Normal,High
aprobacknl,5764,2352,False,13,Canada,48,844,257,60282,Real,Normal,Medium
jlowellnm,5272,6861,True,9,USA,39,280,389,70544,Real,Normal,Medium
abrokenn,6268,2702,True,4,India,33,811,138,77916,Real,Influencer,Low
fqueyeirono,7740,4732,True,3,India,99,556,15,46737,Real,Influencer,Low
mbottomleynp,189,5731,True,4,India,17,981,50,68466,Real,Normal,Low
dskainnq,8228,1825,True,13,Canada,25,80,436,23762,Real,Normal,Medium
showlettnr,9842,2071,False,14,Canada,32,587,101,25515,Real,Normal,Medium
amoyns,1974,5714,True,16,Canada,39,757,490,49118,Real,Normal,Medium
twickettnt,3361,3813,True,19,Canada,98,858,476,45866,Real,Normal,Medium
jbaldazzinu,1758,9882,True,5,India,35,72,41,76178,Real,Normal,Medium
fjuricknv,9077,191,True,15,India,20,676,448,35841,Real,Normal,Medium
mjumontnw,9751,6371,False,3,USA,79,423,391,45284,Real,Normal,Low
isalkeldnx,573,2051,True,6,Canada,33,227,303,58258,Real,Normal,Medium
aperkinsonny,658,6493,False,19,Canada,89,445,374,42172,Fake,N/A,Medium
rbeddinghamnz,395,1231,False,9,Canada,79,440,79,89549,Fake,N/A,Medium
spuddino0,5201,1614,False,7,USA,87,400,367,47335,Real,Normal,Medium
ymixhelo1,4850,7679,False,11,Canada,100,78,490,71805,Real,Normal,Medium
bgoutchero2,3853,8303,False,5,India,41,200,70,89227,Fake,N/A,Medium
pdillistoneo3,9146,7451,False,13,USA,28,2,6,42480,Real,Normal,Medium
ningramo4,8855,256,True,7,Canada,36,538,7,70834,Real,Influencer,Medium
kmellonbyo5,1007,1261,True,11,India,40,518,310,72809,Real,Normal,Medium
iabercrombyo6,3674,6143,True,9,USA,59,437,385,14825,Real,Normal,Low
gwoolseyo7,2381,1881,False,13,USA,64,852,65,50775,Real,Normal,Medium
maronstamo8,6545,5082,False,4,India,10,346,276,13208,Real,Normal,Low
ncollivero9,9849,4209,True,1,Canada,51,732,374,66264,Real,Influencer,Low
dmargettsoa,1785,3529,False,18,Canada,41,972,385,5918,Real,Normal,Low
lhassanob,3995,2226,False,8,Canada,26,102,304,11655,Real,Normal,Low
emcdoualoc,8571,9035,True,10,Canada,58,28,8,63069,Real,Normal,Medium
dclissod,8970,6997,True,9,India,63,676,180,59973,Real,Influencer,Medium
agommeryoe,9439,1145,False,5,Canada,89,100,49,78417,Real,Normal,Medium
jtyddof,3042,4496,True,17,USA,44,627,349,24455,Real,Normal,Medium
mhutchcraftog,2729,9110,True,10,Canada,23,915,243,65673,Real,Normal,Medium
dtuplingoh,269,9510,False,8,USA,48,349,391,41246,Fake,N/A,Medium
frichfordoi,8877,4233,True,17,Canada,34,785,263,88168,Real,Influencer,High
astickelsoj,4025,2968,False,8,USA,87,995,184,55653,Real,Normal,Medium
bhobbingok,5253,7313,False,6,India,78,491,463,96694,Real,Normal,Medium
jgreenshielsol,9143,9994,True,11,Canada,92,659,384,86090,Real,Normal,Medium
hschieferstenom,7374,7667,True,6,USA,69,57,182,42475,Real,Normal,Medium
wmossbeeon,6343,8030,False,7,USA,16,955,320,69623,Real,Normal,Medium
odimariaoo,9879,9381,True,15,USA,57,987,326,96408,Real,Influencer,High
phartleyop,3463,4911,False,2,Canada,25,703,207,90503,Real,Normal,Low
cmackernessoq,6432,5870,False,11,Canada,83,465,451,93382,Real,Normal,Medium
lharralor,3412,2469,False,2,Canada,81,644,308,37395,Real,Normal,Low
dhawkinsos,8194,9236,True,2,USA,80,676,275,90793,Real,Normal,Low
gfrancescottiot,8260,838,True,3,USA,11,584,434,32645,Real,Normal,Low
jstanfordou,1720,6675,False,17,USA,64,243,242,20285,Fake,N/A,Medium
lhirtheov,9934,3301,True,6,Canada,89,829,472,38031,Real,Influencer,Medium
ebellardow,3859,6054,False,13,USA,21,252,389,51598,Real,Normal,Medium
ejobbingox,9129,9319,False,3,Canada,88,960,78,49363,Real,Normal,Low
kribouoy,5619,7486,True,14,USA,47,864,57,20951,Real,Normal,Medium
vsantoraoz,4332,4428,False,9,India,56,10,52,55858,Real,Normal,Medium
mtwitchingp0,9686,6586,False,17,USA,72,162,432,15117,Real,Normal,Low
cgreevep1,4348,884,False,5,Canada,0,649,54,88137,Real,Normal,Medium
borderp2,3162,3952,False,2,Canada,52,214,95,7897,Real,Normal,Low
bmethingamp3,3593,3795,True,18,Canada,65,323,414,68988,Real,Normal,High
bkleinsmuntzp4,339,5,True,2,Canada,75,595,252,57297,Real,Normal,Low
shepherp5,3791,4100,True,8,India,27,323,135,28567,Real,Normal,Medium
nbellshamp6,1769,9903,False,18,India,91,723,64,81302,Fake,N/A,High
vblakelockp7,9746,4072,False,6,Canada,3,555,265,8760,Real,Normal,Low
bfishleighp8,4361,3978,True,8,Canada,57,740,138,99291,Real,Influencer,Medium
ecuerdalep9,2519,8731,False,2,India,73,565,398,21333,Fake,N/A,Low
gjantetpa,1923,8124,True,11,USA,41,437,15,94033,Real,Normal,Medium
cswaingerpb,4737,1614,True,3,USA,89,930,438,73548,Real,Influencer,Low
eknellenpc,5410,2976,True,12,India,74,657,477,15976,Real,Influencer,Low
mturnorpd,8950,1055,True,9,Canada,88,204,139,7958,Real,Influencer,Low
meastespe,7041,6547,True,9,USA,51,447,435,95939,Real,Influencer,Medium
rricharsonpf,4320,4101,True,3,India,13,814,362,26905,Real,Normal,Low
tradclyffepg,471,1725,True,13,India,69,68,130,99171,Real,Normal,Medium
rarrighiph,7243,8983,True,8,Canada,58,464,268,90463,Real,Normal,Medium
gglashbypi,6205,7292,True,2,Canada,71,948,272,60020,Real,Normal,Low
aredruppj,1213,5948,False,6,USA,7,854,333,60239,Fake,N/A,Medium
nboutflourpk,8167,2003,True,20,USA,92,332,492,19067,Real,Influencer,Low
roxendenpl,1567,880,False,13,Canada,18,585,33,13466,Real,Normal,Low
kmcvicarpm,2297,8329,True,6,USA,63,425,277,46861,Real,Normal,Medium
mrollittpn,1149,9911,True,12,USA,38,782,356,29807,Real,Normal,Medium
hbirtwistlepo,6590,2874,False,3,India,98,626,270,44510,Real,Normal,Low
mramiropp,9785,7485,False,5,USA,24,240,369,85887,Real,Normal,Medium
aruggieropq,5368,3426,False,6,USA,97,748,458,77486,Real,Normal,Medium
fsatterlypr,9014,5135,False,15,USA,26,892,30,39307,Real,Normal,Medium
fdandyps,2349,160,True,9,India,42,235,121,57334,Real,Normal,Medium
oknokpt,3917,51,False,12,India,69,396,495,7485,Real,Normal,Low
cterzipu,2544,5377,False,12,India,70,481,362,24019,Fake,N/A,Medium
nperllmanpv,9775,4965,False,14,USA,40,838,359,57710,Real,Normal,High
eubankpw,6360,7873,True,7,USA,62,258,142,38961,Real,Normal,Medium
alentonpx,9252,7644,False,15,Canada,92,635,305,45818,Real,Normal,Medium
tbraunstonpy,2768,8030,True,13,India,85,408,309,88808,Real,Normal,Medium
npleumanpz,8396,9414,True,16,Canada,0,280,321,51438,Real,Normal,High
ecreakq0,9323,5746,False,10,India,51,222,231,72158,Real,Normal,Medium
dspadottoq1,3719,4009,True,16,India,30,858,448,60181,Real,Normal,High
qfewlessq2,68,7552,True,20,Canada,29,348,197,56018,Real,Normal,High
kbrindedq3,3160,7883,True,7,USA,70,263,391,11262,Real,Normal,Low
ovilliersq4,7420,8245,True,18,Canada,58,871,306,86708,Real,Normal,High
rciccoq5,7255,2406,False,8,USA,15,236,133,40888,Real,Normal,Medium
slooksq6,7078,9594,True,10,USA,3,819,243,97939,Real,Normal,Medium
jgierkeq7,7862,9133,False,8,India,55,825,54,66484,Real,Normal,Medium
bedelmanq8,9336,7466,True,16,Canada,17,39,483,60940,Real,Normal,High
cshirleyq9,7111,4807,True,8,Canada,79,581,89,69309,Real,Influencer,Medium
emcdonandqa,8359,7669,True,14,USA,7,99,290,42470,Real,Normal,Medium
smctiernanqb,8374,3013,True,10,USA,18,631,154,55492,Real,Normal,Medium
mlefrancqc,331,93,False,11,USA,77,748,161,59996,Real,Normal,Medium
pthurlbeckqd,8283,7334,True,4,USA,74,558,212,76432,Real,Influencer,Low
aflippelliqe,9924,5718,False,9,Canada,58,272,323,84629,Real,Normal,Medium
smccurtainqf,8008,1312,True,9,India,0,407,348,25084,Real,Normal,Medium
kellikerqg,4400,9954,False,4,Canada,50,922,196,1975,Fake,N/A,Low
jstannasqh,6905,418,True,11,Canada,28,490,411,41692,Real,Normal,Medium
dughiniqi,3900,8617,False,11,Canada,28,614,409,50962,Fake,N/A,Medium
dgadeauxqj,4571,5486,False,15,USA,84,468,241,12365,Real,Normal,Low
mgiggqk,700,3289,False,4,Canada,46,516,259,31663,Fake,N/A,Low
tbarkerql,6321,1760,True,10,Canada,51,507,107,13160,Real,Influencer,Low
cragborneqm,1672,6540,False,14,India,88,737,152,61782,Fake,N/A,High
phoveyqn,3138,4918,True,1,Canada,70,375,477,74847,Real,Normal,Low
bjayneqo,5621,898,True,6,Canada,68,469,21,82659,Real,Influencer,Medium
glayfieldqp,3571,4876,True,13,USA,77,733,106,20753,Real,Normal,Medium
nsummerhayesqq,3037,6288,True,17,Canada,26,361,166,66569,Real,Normal,High
hharralqr,6355,9526,False,4,India,70,810,416,70326,Real,Normal,Low
adoghartieqs,8421,5852,True,10,USA,84,995,473,93719,Real,Influencer,Medium
rlavisteqt,4770,2819,True,19,USA,41,877,438,88459,Real,Influencer,High
dmaruszewskiqu,4764,3907,False,11,India,97,531,189,24171,Real,Normal,Medium
mfairbridgeqv,9750,403,False,1,India,64,129,126,93655,Real,Normal,Low
mdarkeqw,6817,7888,False,4,Canada,96,998,275,37344,Real,Normal,Low
gwoltmanqx,4641,9202,False,19,USA,32,289,495,57962,Real,Normal,High
tsueterqy,7999,57,False,12,USA,11,155,71,54647,Real,Normal,Medium
sdunridgeqz,9485,6719,False,16,India,15,860,138,24256,Real,Normal,Medium
dmcskeaganr0,3457,7788,True,8,Canada,0,958,459,16208,Real,Normal,Low
rstablerr1,6732,6462,False,15,Canada,56,913,334,79846,Real,Normal,High
smarlandr2,9719,349,False,7,India,67,403,465,3658,Real,Normal,Low
lcollynsr3,8396,4182,True,12,USA,40,741,43,49895,Real,Influencer,Medium
agarmr4,5110,2481,False,8,USA,4,867,440,30642,Real,Normal,Medium
dmaskallr5,8178,2154,False,20,Canada,10,389,21,42946,Real,Normal,Medium
ecultchethr6,7037,6426,False,9,India,94,109,12,42259,Real,Normal,Medium
kbeseker7,9246,9251,True,18,India,6,18,483,87604,Real,Normal,High
ecrosfieldr8,8713,2363,False,11,Canada,69,710,419,78068,Real,Normal,Medium
kgoodenoughr9,5652,9454,False,2,USA,22,24,319,30174,Real,Normal,Low
kungerechtsra,6937,8924,False,8,India,54,331,385,36702,Real,Normal,Medium
afarndalerb,7952,3661,False,16,India,18,416,444,38967,Real,Normal,Medium
egeydonrc,3570,7890,True,4,Canada,78,23,260,65549,Real,Normal,Low
lrutgersrd,8971,8360,False,5,USA,11,220,371,80426,Real,Normal,Medium
lchatenierre,6678,3681,False,14,USA,16,155,40,6406,Real,Normal,Low
zferberrf,6193,7518,True,2,Canada,67,337,245,72133,Real,Normal,Low
nparfettrg,2765,2487,True,20,India,78,435,114,87130,Real,Influencer,High
pmenichinirh,2074,916,False,4,Canada,65,292,154,37467,Real,Normal,Low
ppadwickri,4559,8420,False,6,Canada,4,838,113,75834,Real,Normal,Medium
slaytonrj,8363,328,True,20,USA,99,219,188,2621,Real,Influencer,Low
halwoodrk,4378,2246,False,5,Canada,58,58,335,92671,Real,Normal,Medium
cshelfrl,9331,2586,False,13,Canada,94,411,180,93483,Real,Normal,Medium
helbournerm,9894,6230,False,10,India,100,555,54,38890,Real,Normal,Medium
sbroadwayrn,5276,6454,False,8,India,73,267,438,12660,Real,Normal,Low
hwydro,5101,9990,True,4,Canada,42,446,460,64593,Real,Normal,Low
kboughtwoodrp,9203,5483,True,8,USA,95,528,394,71862,Real,Influencer,Medium
cnorburyrq,304,2437,False,17,Canada,20,502,377,94080,Fake,N/A,High
adufferrr,1564,4943,False,16,Canada,23,1,288,23587,Fake,N/A,Medium
