username,follower_count,following_count,profile_pic,account_activity,region,total_posts,total_likes,total_comments,activity_pm
dnardoni0,7275,8234,false,9,India,1,652,11,60448
isteaning1,2385,9665,false,1,India,61,134,392,8126
dpitts2,9394,4628,false,10,USA,41,379,470,20958
eralton3,8288,9586,false,7,USA,70,875,488,16130
cpeerman4,3502,5725,true,6,Canada,70,226,15,80666
ncarress5,3198,1109,true,2,Canada,85,21,11,45359
mbrundale6,4780,7523,true,3,Canada,38,595,39,53873
cotter7,9830,5647,true,19,India,84,970,137,97080
dwinchurch8,5186,7720,true,15,India,52,117,231,63407
gokeshott9,8635,3728,false,4,USA,76,712,375,37307
kduggeta,8385,1864,false,18,Canada,41,738,466,63505
mspehrb,9370,7497,false,17,India,19,997,496,94576
ksavegec,9550,4867,false,4,India,96,295,275,12080
bboled,280,8524,true,6,India,86,576,97,52630
mjakubovicse,8138,7343,true,10,India,7,526,183,31672
cfarfootf,4337,8212,true,1,Canada,66,631,374,98861
byeatsg,2470,7416,true,10,India,32,500,97,36908
bfoggoh,2378,2580,false,2,India,55,154,328,7441
gingamellsi,7230,2105,false,12,USA,89,312,40,44210
gmccaheyj,4542,7065,false,11,India,40,712,476,9281
asilburnk,7381,1554,false,6,India,33,556,62,32499
akhadirl,7364,2956,false,13,USA,22,953,150,66810
ochecchetellim,390,9101,true,16,Canada,85,502,108,10861
aatlayn,8372,1683,true,20,USA,35,614,322,25551
lorsayo,6655,9251,false,8,Canada,87,346,448,58965
ealdredp,6882,2253,false,1,USA,1,809,61,82137
jcreberq,4465,550,true,6,USA,54,527,45,83681
dmapledoramr,8451,4515,true,1,India,27,598,311,12584
fbowleys,6116,2123,false,19,Canada,15,181,169,63932
sedisont,2875,3506,false,7,India,4,535,309,67260
dericssonu,7409,107,false,3,USA,85,481,219,67601
ccarranev,46,2165,true,13,India,99,664,263,97192
swroew,4710,4588,true,20,India,95,70,346,41009
btowex,2868,755,false,9,USA,57,362,445,35082
fbassony,2204,8038,true,5,USA,39,887,255,1273
mhemphallz,4111,656,false,5,USA,2,612,182,21719
ibarbisch10,9249,8051,true,20,India,47,180,245,11966
ilunny11,1488,7266,false,3,India,70,955,216,47392
pallatt12,7037,8494,true,16,India,100,275,98,56416
lcornier13,7584,2152,true,2,USA,23,602,196,6486
ikaes14,5263,9181,true,8,India,11,31,122,57137
jlocard15,4619,743,true,17,Canada,69,163,235,14653
gtyson16,2452,2998,true,20,USA,5,949,269,24734
vdrury17,3049,9510,true,5,India,27,805,40,78510
gjasper18,2644,7425,false,18,USA,45,247,206,75473
wroelofs19,1420,4825,true,2,Canada,42,646,295,97561
dstrood1a,8517,1907,false,14,USA,95,391,404,87356
bstewart1b,5560,5709,false,10,USA,26,988,172,14454
egooday1c,2585,1711,true,12,USA,4,8,414,55593
jpeerless1d,3468,6925,true,15,India,65,293,39,74556
rmillington1e,6467,4285,false,2,Canada,77,502,137,73249
tgambell1f,8734,657,true,3,USA,69,354,94,50797
lfrostdick1g,9302,4041,true,13,India,38,752,84,3481
dagronski1h,2589,5201,true,4,USA,64,604,474,17477
smcnaughton1i,9233,2372,false,19,Canada,46,588,446,46751
mpickthorne1j,6911,6033,true,5,India,39,880,333,3508
lflanne1k,9877,5591,true,7,India,1,202,231,25704
jfishburn1l,3690,2384,true,18,India,24,116,436,64519
cmacneill1m,1954,2515,false,3,USA,9,734,445,44646
rplain1n,782,1312,true,3,India,62,623,211,38551
dcavil1o,4084,9561,false,18,Canada,60,598,304,10649
mdudek1p,4404,5013,false,9,Canada,46,660,47,62695
jocalleran1q,8728,8471,false,20,India,13,942,376,51000
pkelly1r,7268,4768,false,18,USA,17,693,192,26519
swerlock1s,9217,1433,false,16,India,51,913,334,5844
csapshed1t,3018,3186,true,6,Canada,69,289,180,3062
fmaclucais1u,6875,3457,false,16,Canada,7,539,144,64009
vjoron1v,3121,1917,false,12,Canada,37,770,11,54219
byonge1w,3310,1508,false,9,India,37,738,258,58207
rvanetti1x,4302,399,true,6,USA,68,269,219,2018
ocrowther1y,9425,4781,false,8,USA,46,789,52,39909
rdiboll1z,9955,852,false,1,Canada,50,411,387,67479
mchark20,9038,5849,false,9,Canada,31,523,356,26765
gfilon21,6812,2018,true,19,India,68,972,80,46112
alorek22,4036,1996,true,12,USA,80,360,412,31617
mhaitlie23,8447,3248,true,7,USA,71,913,75,43778
kborkett24,6361,6061,true,16,India,13,460,383,11428
tswannick25,4025,9579,false,3,India,88,341,165,37266
fimmins26,4756,614,true,8,Canada,22,51,411,95154
ncharlotte27,1540,4179,true,13,USA,81,486,28,59342
nmazzey28,5222,1172,true,12,USA,74,814,421,11898
npindred29,701,6023,false,4,USA,81,106,181,51833
pwardhaugh2a,416,1900,false,20,USA,38,881,163,27207
gdurrand2b,6195,5267,false,14,USA,10,525,96,72092
kstollman2c,4119,3483,false,6,Canada,78,746,26,69340
iguidoni2d,9409,3870,true,13,India,89,502,197,41035
hcairney2e,7269,9029,false,17,India,33,571,122,23880
mstambridge2f,3799,4728,true,4,USA,94,796,152,83015
nlangmuir2g,7491,4044,true,12,USA,78,61,224,24942
rcoveley2h,3106,635,true,11,India,21,82,432,52411
sfarge2i,4949,2665,false,12,India,40,890,236,24479
mkirkebye2j,8971,4514,false,20,USA,54,889,285,98280
fmacvain2k,1606,5457,false,11,India,89,373,140,79276
knind2l,2691,2822,false,14,Canada,31,962,29,75466
jgotcliff2m,847,5202,true,15,USA,46,150,19,63904
rshivlin2n,8073,9595,true,17,India,6,332,127,95004
hslinger2o,881,3304,false,5,India,73,345,273,44341
jgilleon2p,7439,5740,false,16,India,95,323,480,58182
rweiser2q,7768,2567,true,2,USA,13,484,480,49882
edursley2r,3188,5464,true,6,Canada,8,962,162,82203
epetrishchev2s,2581,6411,false,1,USA,90,878,421,4775
smilhench2t,3406,868,true,15,USA,50,911,400,70430
mirdale2u,513,7519,true,11,Canada,24,18,217,83895
astoggell2v,9010,6311,false,16,Canada,95,149,169,56346
mmingard2w,5625,2427,true,10,India,97,826,104,23522
hcrowcombe2x,2484,9866,false,12,USA,67,911,459,50955
jkingdom2y,333,9526,false,18,Canada,7,770,136,21010
sringer2z,6877,6865,true,15,India,69,919,133,67279
rtheyer30,8605,7264,true,2,India,64,607,348,22272
asmoth31,3845,4842,false,13,Canada,12,55,368,17003
fcurling32,5292,606,true,11,Canada,41,237,141,99888
bfrise33,3419,8475,true,2,Canada,28,593,270,36164
lgoundsy34,1471,2580,true,4,USA,81,509,336,19700
sleyborne35,484,9252,true,7,Canada,1,327,128,1559
gpottinger36,8800,6767,false,1,Canada,61,113,209,2320
cjose37,6154,9540,false,3,Canada,1,645,99,50875
ckuzemka38,8454,2036,false,1,USA,77,569,403,97064
tkolushev39,5785,5673,true,18,USA,3,33,195,98765
hgiannasi3a,4076,3697,true,17,USA,3,785,353,53200
ballden3b,3963,9110,false,14,USA,8,245,491,12843
charwell3c,9805,7967,false,12,Canada,36,488,2,16499
ckaygill3d,657,6782,true,4,USA,37,961,415,11328
cdibiagio3e,1384,4754,true,2,USA,68,53,53,24522
stardiff3f,2325,4518,false,13,Canada,72,88,171,72192
pcurlis3g,5401,3607,true,4,India,36,914,250,98746
ndresser3h,6503,8142,false,20,Canada,6,733,390,55606
ctorritti3i,8518,7191,true,4,Canada,63,526,385,8349
kpelcheur3j,1644,5803,false,8,India,12,365,240,64313
scornish3k,1867,553,false,6,India,20,962,191,12118
lkedward3l,7470,1687,false,13,India,25,672,485,20559
jende3m,2197,773,false,11,India,96,133,149,82657
nkingswood3n,315,2337,true,11,India,41,467,5,71060
cgiannini3o,1106,8145,true,12,USA,40,141,264,6142
spingstone3p,3212,6306,false,6,Canada,38,584,49,47397
alivings3q,3119,7368,false,15,USA,89,58,219,72831
mpovah3r,7274,4658,false,10,India,18,884,405,79134
mhawtin3s,5483,1222,true,19,USA,65,428,494,39098
mbasten3t,3187,9983,true,3,Canada,66,530,442,71026
mhorsley3u,9938,60,true,7,India,94,293,370,32819
bmurcutt3v,9217,6701,false,12,USA,93,806,265,28978
cind3w,8996,2757,true,4,India,13,835,40,75097
hchifney3x,5428,4277,true,9,Canada,20,681,488,39782
cwornum3y,5534,2057,true,4,USA,69,329,185,14563
rstarmer3z,6990,394,true,14,Canada,53,30,49,67988
sgavey40,656,1577,true,13,India,34,595,27,93431
gtwelftree41,8202,6145,true,13,Canada,50,555,213,73829
sklaas42,7027,1150,true,9,USA,61,720,181,25773
ybatstone43,3833,8790,false,17,Canada,45,210,21,44840
dfrary44,7925,9366,true,4,India,68,357,459,2899
rhellmore45,4815,6891,true,6,USA,10,991,180,86602
dchurchlow46,7571,118,false,4,India,30,602,172,43360
dbinyon47,1649,7594,false,10,Canada,80,371,223,32457
llathleiffure48,7835,8858,true,8,Canada,98,105,286,97972
dredon49,3752,1642,false,6,Canada,1,397,113,28730
ppuffett4a,4753,5191,false,18,USA,80,437,311,23089
hscamwell4b,3363,5643,false,5,USA,90,62,281,28603
aotowey4c,945,9163,true,3,Canada,33,92,287,84867
bogborn4d,8835,5311,true,6,India,69,88,461,49624
lharder4e,617,9810,false,18,India,94,763,385,62127
vblake4f,5275,1347,true,4,USA,19,34,484,1783
gdorey4g,9170,9744,true,10,India,100,44,296,98106
bfassmann4h,4125,6965,false,18,India,74,253,58,63305
fhafford4i,5461,762,false,15,USA,25,314,295,10812
hdantuoni4j,1198,5208,false,16,USA,29,940,461,21533
cpeskin4k,5255,9390,true,15,USA,27,710,324,35655
ddulson4l,6244,610,true,16,USA,34,161,238,33157
pwalaron4m,8409,7578,false,1,India,9,601,150,89893
prubinfeld4n,1021,5834,false,16,Canada,71,112,223,41075
rlynock4o,4897,3545,false,3,India,1,327,166,28602
mhallett4p,8292,612,true,14,India,22,401,321,82687
ebrook4q,7030,6635,false,15,Canada,56,932,116,27926
ckermitt4r,3537,2471,false,8,Canada,97,840,418,31091
twarfield4s,4348,8463,false,12,India,80,367,40,5094
liannelli4t,5252,4017,false,16,USA,100,11,33,38638
zmoakes4u,8539,6610,false,14,USA,6,763,423,37269
cdeniske4v,3456,7599,true,11,USA,22,778,89,55886
dflockhart4w,1252,5343,true,4,Canada,48,120,120,66510
tmustoo4x,509,5081,true,2,USA,65,392,488,37734
lwastling4y,3223,619,false,13,Canada,82,122,123,16592
lmapowder4z,9581,1422,true,13,Canada,55,824,304,50352
cjanauschek50,6141,2498,true,10,India,91,661,256,37129
lroncelli51,6828,9706,false,13,USA,90,371,302,96683
scoard52,7509,6216,false,20,Canada,15,639,373,63760
terlam53,7214,1932,true,9,USA,71,782,20,49614
sfilipyev54,7186,8558,false,6,USA,12,425,21,80761
mcrowley55,7639,1875,false,13,India,93,972,420,7742
cdanzey56,4759,32,false,10,USA,26,30,224,64358
wcharlwood57,6890,6287,false,2,USA,43,594,196,28972
bwakley58,4809,6689,true,3,USA,53,957,185,66981
gborless59,5373,5074,false,12,India,18,701,181,45903
ddibernardo5a,5961,6880,false,10,USA,71,942,297,77480
gmcilwrick5b,4461,6510,false,3,USA,20,717,376,26577
ljanota5c,2496,7635,true,20,India,96,89,59,18197
bgelland5d,7113,5735,false,18,Canada,45,129,25,44851
nkynnd5e,910,2693,true,10,Canada,84,797,9,96054
vpiddle5f,6866,3391,true,14,Canada,32,40,323,12499
bnucciotti5g,3824,4936,true,8,USA,93,84,18,51563
achoat5h,5610,7511,false,6,USA,40,383,460,12007
dpartner5i,3674,4491,false,6,Canada,37,415,452,79363
ichadderton5j,9129,2071,false,8,Canada,54,829,106,35519
mdumbarton5k,8448,1398,true,20,USA,11,387,157,36527
praffin5l,4361,1422,false,7,India,81,638,270,24026
senrietto5m,3220,2850,true,10,India,55,293,340,43363
tondrousek5n,7270,4262,true,6,Canada,79,145,38,52439
psillett5o,1346,5850,true,19,India,57,185,148,1735
rfrancescotti5p,7146,348,true,5,USA,27,555,97,93463
dstorr5q,1306,6410,false,10,Canada,42,411,123,78054
tdullingham5r,371,850,true,15,USA,62,420,167,68622
bdunbar5s,2745,4082,false,13,Canada,79,486,484,60467
rbishopp5t,6198,8079,true,20,India,73,528,431,47201
jaugie5u,5382,4787,false,16,Canada,56,78,131,33465
aoliva5v,3510,6658,true,19,USA,73,580,369,2956
sbowring5w,665,3763,false,10,Canada,76,838,375,75415
adonaghy5x,1507,3915,false,18,Canada,11,583,421,25848
cderrell5y,3046,910,false,3,Canada,40,159,400,12786
ndurker5z,7817,8554,true,3,Canada,87,671,24,6936
eetchells60,7029,530,true,1,India,41,416,81,38417
earies61,7933,103,true,16,India,16,767,46,48643
qmayberry62,741,189,true,14,Canada,20,831,245,63511
hstoffers63,5063,1406,false,16,Canada,41,969,47,65374
mbremond64,9596,5703,false,17,USA,83,457,128,79204
lkemitt65,7437,2806,false,16,India,2,670,312,59931
sheak66,8760,6565,true,2,India,66,282,59,3957
lsoutherell67,3693,3310,true,13,Canada,0,166,280,9852
gfeatherstonhalgh68,2247,985,true,8,Canada,62,679,10,92624
glindenfeld69,1276,5789,true,1,Canada,70,352,106,90716
edalzell6a,2172,6638,true,15,USA,79,147,217,99347
ctitmarsh6b,8025,9626,false,2,USA,23,787,498,62315
elangthorne6c,5948,7121,false,8,USA,20,352,276,3290
sgreenier6d,1895,8716,true,15,Canada,12,795,163,63241
cgrave6e,2132,9906,true,12,India,26,829,210,54300
lacuna6f,5822,4837,true,12,India,69,457,195,80287
ceisenberg6g,1964,9329,false,1,Canada,43,210,460,79288
dwaye6h,621,4926,false,15,USA,45,39,62,98409
tballinger6i,2940,5643,false,17,Canada,73,591,405,5982
lkitteridge6j,6546,8955,true,3,Canada,38,139,454,64875
asatterthwaite6k,9349,8372,false,6,USA,96,319,45,80132
arule6l,305,9539,false,18,India,9,390,37,89733
mhopkins6m,4016,932,true,14,USA,53,586,440,93267
ccottey6n,1797,2087,false,19,Canada,94,869,15,71115
klambourne6o,8295,3911,false,16,India,90,143,6,70755
jmalshinger6p,5848,8907,true,8,USA,16,186,259,7228
hreskelly6q,8029,7209,false,17,India,28,799,112,36850
floudyan6r,8881,9136,true,4,Canada,21,929,350,50402
chaggar6s,5493,7834,false,2,Canada,84,149,20,13611
aspirritt6t,3373,608,false,17,USA,87,192,273,11816
ablew6u,4577,4469,true,6,USA,2,504,363,94831
mroiz6v,4993,5365,true,10,USA,57,744,48,20990
ablasli6w,633,6324,false,17,USA,95,707,16,4027
uwannan6x,170,627,true,10,Canada,21,254,406,15345
ncassidy6y,285,2233,true,6,Canada,85,221,388,38520
fkinghorne6z,271,7367,true,7,USA,40,717,154,59354
fparmer70,9879,392,false,10,Canada,67,56,288,53222
cjahnig71,4358,7795,false,6,USA,95,400,90,53493
klautie72,4087,6991,true,5,India,43,80,67,54935
olaming73,8022,9363,false,19,India,69,905,201,13324
mburfoot74,300,142,false,14,India,53,468,185,99646
bgiacobo75,1361,1483,true,2,Canada,28,85,187,14399
rsagg76,7238,2566,true,4,Canada,65,145,291,88929
slexa77,7276,2749,true,6,USA,91,332,92,69792
bmcdool78,5169,1453,false,2,Canada,57,460,434,10984
alawranson79,8835,2690,true,11,Canada,33,905,216,41487
fnairn7a,9765,2988,false,6,Canada,34,742,114,16462
mcompson7b,1970,4360,false,6,USA,52,2,220,48148
nconti7c,429,7563,true,14,USA,24,348,242,66871
hmccafferty7d,1375,7691,false,19,India,62,264,380,82391
bchaman7e,7035,148,true,1,USA,87,496,99,16490
asharkey7f,801,9559,true,8,Canada,75,48,241,46916
hclausner7g,8852,1323,true,20,USA,62,799,309,84109
efort7h,7997,8141,false,10,Canada,32,892,369,32281
echipman7i,6986,3660,true,15,India,37,920,341,9029
qcuesta7j,6316,4423,true,17,Canada,60,779,292,52910
rshawell7k,4867,1869,true,9,India,12,144,241,94002
rsleeman7l,8821,2824,true,1,India,55,162,359,62365
ehenrych7m,7800,28,true,19,Canada,76,788,138,92237
lminichillo7n,3319,4644,false,10,India,33,478,211,69535
nlumsdon7o,1978,6863,false,5,Canada,58,686,481,49946
iburgis7p,1649,7062,true,12,India,8,491,16,33017
rtivnan7q,7204,9648,false,1,Canada,26,678,72,32203
ktrytsman7r,6809,8145,false,17,India,40,494,241,51194
asiddell7s,1799,3776,true,14,India,84,107,325,58940
zgravy7t,567,6374,true,14,Canada,96,218,194,42228
rgorrick7u,9216,4536,false,1,USA,53,335,455,6878
rferney7v,1449,5989,false,12,Canada,89,519,359,34147
lhembry7w,7917,2996,true,3,Canada,48,441,49,98393
rfarnham7x,9142,7623,false,11,Canada,81,322,151,51737
ateale7y,9130,2425,false,14,India,5,899,263,31617
vpoll7z,3384,5,true,18,USA,52,455,271,67861
kbrocklesby80,7160,419,false,14,India,15,897,81,11676
mtomasino81,9760,7095,true,1,Canada,92,152,330,41944
haffuso82,1019,5206,false,6,India,21,772,79,25759
kfishbourn83,3541,5826,true,4,USA,35,282,111,63250
bbeavors84,8149,5384,true,19,India,93,11,174,23219
htargett85,9618,4624,true,13,USA,25,351,120,19285
gbalaisot86,9495,3262,false,11,Canada,65,876,414,56746
lcoetzee87,3212,4657,true,3,India,46,663,145,31375
aizacenko88,7466,9310,true,18,USA,46,493,270,41806
dgregoire89,3604,6206,true,17,USA,81,920,45,43711
clownds8a,4489,880,false,2,USA,19,481,105,92123
jclapison8b,1991,7340,false,16,India,42,741,469,99226
hsinnocke8c,7970,4068,true,11,Canada,77,141,199,80810
cmercik8d,3530,4858,false,14,USA,64,463,177,73095
khuddlestone8e,2820,4059,false,2,India,41,621,253,10299
ddomenico8f,7770,346,true,13,USA,39,239,258,88223
llaviss8g,8772,2645,true,4,USA,48,150,304,2352
nhamflett8h,5441,6856,true,3,India,10,992,367,64294
gsmalridge8i,7087,8254,true,17,USA,35,363,134,10238
jsterrick8j,8910,7034,true,5,India,38,9,147,12929
rtruelock8k,4854,1877,false,16,USA,82,774,405,51669
rzarfat8l,3636,5138,true,11,India,74,172,138,35859
nfeander8m,7528,7211,true,10,India,51,959,411,87564
cbloan8n,2575,2088,false,4,USA,9,578,300,13247
swillicott8o,6889,1122,false,16,USA,20,383,211,12054
ffranciotti8p,3352,3407,true,4,India,20,19,449,33606
rcurson8q,1058,6911,false,19,Canada,82,197,205,58662
dbrame8r,1599,2462,false,14,India,38,732,352,8076
edimmne8s,1080,3763,true,7,India,77,717,233,47204
ascanlin8t,3475,6025,false,14,Canada,89,306,453,34454
dcook8u,4304,8339,true,9,India,58,373,108,49075
ogozney8v,2482,6990,true,14,Canada,22,769,457,75993
rriddlesden8w,4903,7647,true,17,Canada,78,971,267,31164
ngainsborough8x,1305,3854,false,13,India,89,769,360,9307
ghawtrey8y,17,3725,true,1,USA,35,779,479,85311
nlalevee8z,3596,4465,false,9,USA,98,233,393,6131
mhaycock90,5720,4235,true,12,USA,5,237,286,80727
qhudless91,239,1149,true,6,India,32,277,346,82497
acloney92,5715,8211,false,5,USA,20,430,498,13888
gorton93,5381,3526,true,1,USA,27,193,177,58117
tburkill94,4701,4529,true,15,Canada,16,96,275,39373
bflavelle95,2205,2216,true,2,India,71,804,114,78887
cvyel96,4870,5522,true,13,USA,36,475,200,38101
chellsdon97,6742,905,true,12,Canada,97,868,463,45322
sgontier98,2483,9866,false,16,Canada,17,293,11,85888
zcrutch99,9121,6652,true,3,Canada,24,88,491,79224
hwinny9a,9877,668,true,16,India,33,153,445,6770
dperris9b,506,8165,true,7,Canada,87,351,348,21708
margyle9c,1938,7792,true,17,Canada,72,344,359,82961
hchevers9d,2937,5193,true,16,Canada,72,486,10,70198
csheeres9e,3227,5684,false,11,Canada,41,860,192,29210
atropman9f,1170,6345,true,18,Canada,7,972,317,37275
dgaber9g,2270,6706,false,19,Canada,17,932,228,36180
thamblington9h,84,8851,true,5,USA,86,174,23,52649
nrookeby9i,7594,7049,false,12,India,97,790,476,90877
wserver9j,917,9424,true,3,Canada,82,596,241,36292
cpipet9k,2471,6642,false,15,USA,34,88,334,24999
frehn9l,7297,5124,false,8,India,47,417,112,38877
mleigh9m,2807,5414,true,7,Canada,1,299,53,50223
kcockshoot9n,5939,3026,true,1,India,30,119,5,59480
nroscow9o,1948,6291,true,7,India,66,283,35,80276
rendricci9p,9569,7635,true,15,USA,2,196,114,42411
lcaplan9q,6927,7723,false,13,USA,79,942,254,71316
gblaxley9r,4322,2221,false,1,USA,84,146,49,38900
atoomer9s,7320,8352,false,12,India,50,120,31,147
osteers9t,7424,4833,true,1,USA,21,949,72,55643
jvispo9u,2179,1181,true,17,Canada,76,904,499,24354
ptyrone9v,1155,6164,true,11,India,44,72,215,70195
gmacknight9w,2751,8644,true,11,India,82,251,228,85343
bhaggarty9x,1956,237,true,3,India,63,915,45,36986
chassall9y,3965,1106,true,12,Canada,88,135,121,81205
lshepherdson9z,6314,6313,false,1,India,10,873,171,50564
alidgatea0,1453,9823,false,15,India,98,188,350,73279
ejaggarda1,6897,830,true,9,Canada,28,320,213,72583
tjuliffa2,9274,6448,false,9,India,70,30,412,81398
nzmitrichenkoa3,9643,9915,false,6,India,25,525,370,75884
aellacombea4,2494,2622,false,7,India,71,1000,487,7052
pschultheissa5,1028,9936,true,4,Canada,34,808,365,30795
clynocka6,6877,2849,true,19,India,42,284,481,75426
fbaddoea7,5031,9214,false,15,Canada,87,366,68,27696
vshalla8,3963,4521,true,11,Canada,83,659,283,70847
atidburya9,3252,5736,false,4,India,33,503,99,62441
nbateyaa,3811,7359,false,7,Canada,45,91,138,32907
rhowsonab,1855,2733,false,5,USA,5,799,123,69609
abywatersac,8922,7564,false,7,India,97,895,130,45284
mpykermanad,2294,691,true,17,Canada,28,843,176,27761
ymanuelliae,9554,5674,false,11,Canada,1,939,279,82014
mpruceaf,8073,1907,false,8,Canada,29,265,251,61682
moffenerag,2724,5314,true,9,India,31,789,380,96069
kchidlowah,4584,2546,false,11,India,75,104,409,75721
agaultai,4061,5325,true,10,Canada,79,837,266,15085
bciccottoaj,9516,9005,true,17,Canada,26,49,85,52095
cferrerak,9598,6174,false,3,Canada,48,539,326,26097
sdebruinal,4254,539,false,6,USA,93,476,409,21314
jlympanyam,8972,4597,false,12,Canada,31,110,294,65918
mluckettan,8252,8462,true,19,USA,17,353,304,57287
khawtonao,6534,4288,true,18,Canada,42,112,117,1840
cgiorgeschiap,9532,5000,false,6,Canada,86,682,128,47323
emathisaq,2341,8818,true,14,USA,52,776,200,21757
cswinleyar,2528,2327,false,12,USA,53,421,305,1346
rkeelinas,8648,2639,false,19,India,35,192,107,81046
wantoniuttiat,599,4354,true,2,USA,21,447,97,92306
ndowderswellau,5563,6103,true,4,Canada,85,525,294,23734
cfarryanav,1094,1322,true,3,USA,15,643,133,77112
sscourgeaw,6981,360,false,19,India,41,752,419,43191
nlambdinax,5401,9693,false,13,India,50,349,403,22006
edrageay,2707,2280,true,2,Canada,39,94,241,49995
rjancicaz,1739,6495,true,11,India,68,278,136,15140
gnightingaleb0,7104,5304,false,9,Canada,10,224,49,86408
mjemisonb1,5333,9779,false,9,Canada,99,568,376,29891
dpleaseb2,7612,6263,false,16,India,6,67,273,64227
bcollacombeb3,3453,131,true,8,Canada,41,9,118,73896
gpolinob4,4444,509,true,9,Canada,12,230,449,13452
ustenhouseb5,4206,6806,true,18,USA,90,341,395,53997
gitzcovichb6,3362,7237,false,18,India,28,817,196,54447
lspradberyb7,6991,8501,true,10,Canada,83,921,342,28009
cbellb8,8384,5565,false,2,USA,56,640,220,6868
bwilbrahamb9,7434,4309,true,19,Canada,100,661,405,79506
shearneba,8629,3492,false,2,Canada,24,478,104,75522
tbielfeldbb,6339,4230,true,19,India,63,221,220,63090
rbachnicbc,8577,2239,false,19,USA,5,346,376,69026
esparrowebd,3116,8899,false,5,USA,82,847,118,52590
bkerblerbe,6571,4724,true,11,USA,52,622,239,32719
groundtreebf,1941,2066,true,12,Canada,88,948,374,79671
cneamebg,35,2831,false,4,Canada,12,65,38,29719
pmccardlebh,2733,6510,false,6,Canada,26,145,201,58627
emattissonbi,3009,6289,false,9,India,78,676,410,34131
slehuquetbj,7233,3031,false,11,Canada,52,836,70,39311
blosebybk,3992,3524,false,7,India,54,252,472,50901
ddjurkovicbl,5461,9694,false,4,Canada,90,916,17,33426
obartoccibm,5603,2539,false,13,Canada,61,807,199,13400
rhuntressbn,9926,7619,true,7,Canada,2,486,83,32434
mleleubo,8283,4721,true,2,USA,48,755,375,89815
gcastellinobp,8633,9578,true,19,Canada,3,34,434,43233
nreadebq,6854,4707,false,2,Canada,88,547,498,61337
njackbr,402,7644,true,2,India,96,918,138,81419
sjenkingbs,5661,7680,true,20,India,62,665,485,76296
nvaladezbt,2663,6999,false,15,Canada,57,833,198,60669
bbertlinbu,3895,8115,true,18,USA,61,452,104,62941
cduesterbv,5148,972,true,10,USA,32,108,185,20223
hmatignonbw,4983,3948,false,6,USA,93,590,24,12439
ppetyaninbx,6152,3391,true,5,Canada,38,994,348,47380
ocrameby,5005,6501,true,5,Canada,43,357,372,41415
cwinspearebz,1434,9100,false,18,Canada,73,897,362,6076
lbeakec0,7941,2236,true,12,India,81,328,135,22969
tfeatherstonec1,427,4575,false,3,India,73,415,364,51683
mmcpaikec2,7394,8602,true,15,India,17,925,93,93177
cmckevittc3,2556,7762,true,9,India,38,960,475,66812
ccregeenc4,3153,8471,false,10,Canada,2,731,128,37957
dhouseagoc5,2149,986,true,2,India,36,938,24,87573
tblabeyc6,6105,5251,true,5,Canada,0,343,403,77702
escheuc7,3579,4415,false,18,USA,8,662,481,16397
igorkec8,2365,5309,true,15,India,85,210,451,82576
pdeeblec9,2301,8560,false,13,Canada,36,227,188,76035
wbalbeckca,1456,7590,true,3,USA,63,552,497,9512
ajouanetcb,1387,5416,true,4,USA,2,375,52,73792
imcshirriecc,4415,7752,false,11,Canada,80,390,424,80734
ovollethcd,9642,6517,true,8,India,11,498,145,35950
cloxtonce,5270,4976,true,14,India,70,329,245,38162
gdevaancf,1254,1481,true,2,USA,91,662,317,30950
ssibborncg,7063,3279,true,10,India,57,531,396,19514
iblatchfordch,4970,2026,true,2,USA,64,238,468,4953
mcadremanci,67,7991,true,2,USA,53,68,426,73236
cbernthcj,6338,8132,false,2,USA,52,678,131,68037
pwidmoorck,791,9294,false,20,Canada,8,730,229,42911
desherwoodcl,6784,646,true,20,Canada,45,908,84,56378
rstentcm,7232,4984,false,5,USA,78,663,54,8394
wbevillecn,3421,9652,false,14,India,74,312,16,13184
sbetancourtco,6511,7270,false,20,India,97,509,422,57583
gmontrosecp,7042,8698,false,3,India,73,121,417,12551
bcrimpcq,5964,3830,false,5,India,6,717,80,77859
bchidzoycr,3420,560,true,18,Canada,97,410,327,51569
glebancs,9597,8420,true,7,Canada,88,175,380,88329
clownect,3220,2024,true,15,India,40,274,199,1943
mglassoncu,3970,4027,false,17,India,73,676,277,20205
smcmackincv,5000,2532,true,7,Canada,96,116,245,89518
pfearoncw,5789,9352,true,2,USA,61,530,377,8279
pdassindalecx,8198,3734,true,14,Canada,38,117,208,38168
tomannioncy,9096,92,false,15,USA,63,580,302,75830
apalliscz,5930,9155,false,9,Canada,13,191,399,58246
flitchfieldd0,5325,8569,false,13,Canada,91,625,277,20789
hhussetd1,1813,3401,false,11,Canada,44,997,281,13899
gstanbrooked2,4406,3687,false,16,India,44,142,351,32147
gneillansd3,2316,2649,true,15,USA,92,356,243,75233
gdouched4,3930,1512,false,2,India,33,433,204,78695
hwhettletond5,9756,3174,false,10,Canada,10,183,23,40336
cboutcherd6,1875,9589,true,13,USA,95,290,421,10469
jruttyd7,2007,8936,false,5,Canada,11,89,500,82692
dcockind8,8504,5653,true,6,Canada,100,12,41,27082
lofihilyd9,7000,7047,false,7,Canada,50,327,260,42593
kwarrenerda,9831,6458,true,16,USA,57,478,467,34922
sbusherdb,8419,9042,true,20,USA,14,16,247,66400
kelstonedc,8793,7146,false,10,Canada,99,796,172,67295
kdericotdd,6898,1734,true,17,India,35,491,305,40177
tdericutde,5092,7990,true,6,USA,58,280,220,34486
dmolineuxdf,2148,4504,false,19,Canada,77,864,86,6344
jortetdg,6304,8828,true,2,India,19,456,183,85338
wlisamoredh,7115,7619,true,14,Canada,17,454,183,17678
bwitnalldi,741,5040,true,18,India,78,476,6,64449
eshatliffdj,7623,2397,false,7,India,76,101,345,98351
alegerwooddk,2470,8316,true,9,Canada,65,504,477,6917
rduchesnedl,5688,1997,true,6,USA,20,954,317,24499
usnailhamdm,6443,647,false,19,Canada,52,194,423,34041
eboughdn,7628,1318,true,8,USA,93,674,284,61927
msommerfelddo,3409,9911,false,7,Canada,8,209,432,72017
clevanedp,6069,8389,true,4,USA,37,613,442,3442
djulliandq,4705,8852,false,20,USA,39,32,211,22800
bgulbergdr,6609,7754,true,16,Canada,12,668,346,66623
pbuffyds,9298,9239,true,3,Canada,2,565,401,6097
ksamwayedt,7725,550,false,18,USA,10,895,413,73124
cverndu,938,1346,false,11,India,87,332,358,28308
dmaliffedv,6727,9711,true,3,USA,3,630,393,95960
myarralldw,1958,920,true,19,India,10,52,226,39533
dlyndedx,7470,1973,false,18,USA,55,863,120,33972
uthorwarthdy,8357,1581,true,8,India,48,676,168,43743
gwhyborndz,9879,259,true,4,USA,11,235,84,45683
egriswaitee0,9891,5233,true,1,USA,58,594,408,822
scoggane1,5620,3263,true,12,India,73,620,276,29566
oridoutte2,3737,8451,true,10,USA,75,358,98,6034
knourye3,8091,997,false,15,Canada,37,470,289,51241
ahancorne4,5106,2315,true,20,USA,4,867,297,12478
kpennycuicke5,9909,8528,false,8,USA,90,113,305,13874
pbussonse6,6472,6376,true,9,India,75,4,10,60716
apaolie7,6851,4459,true,9,India,11,223,63,33890
ahowitte8,8904,3916,false,3,India,61,5,13,30397
cbeige9,6643,9444,true,6,India,74,39,492,23858
esilverlockea,9172,2805,false,1,USA,25,857,333,49244
jhoulridgeeb,8790,2194,false,16,USA,44,541,44,23241
pavesec,1060,7178,true,12,USA,59,942,471,47376
jziemed,3405,4083,false,17,USA,20,679,357,12838
dgievesee,4201,5530,true,13,USA,74,748,452,99129
slansberryef,3029,6215,false,5,Canada,52,303,58,15952
mdalgarnowcheg,8418,5771,true,17,India,66,697,437,10017
bwildasheh,2659,2811,true,2,Canada,25,863,315,28319
mclilverdei,1114,6169,true,10,USA,36,272,382,70269
lboothjarvisej,2716,7365,false,7,Canada,71,88,211,81530
hmayberyek,981,2286,false,1,USA,65,194,298,90784
ccotterrillel,5069,3178,true,17,Canada,100,667,19,17492
rprendergrastem,7462,9385,true,8,Canada,53,192,304,3191
creeken,5592,15,false,7,USA,72,934,214,69010
dducareleo,9592,4963,true,10,USA,93,567,211,30717
cterrisep,2511,1175,false,17,India,49,564,350,95770
esutehalleq,2499,2962,true,10,USA,60,250,494,37178
cdundridgeer,8917,9434,true,3,India,29,328,328,7741
mmeneelyes,9720,9489,false,5,Canada,1,381,392,66544
bgreeneet,8742,9741,false,7,India,12,721,276,89234
pborreleu,2156,5478,true,6,USA,83,618,307,76060
nburdyttev,4761,2878,false,10,India,89,59,233,80822
cpaulsonew,4271,5037,false,13,USA,44,536,408,11767
ctremouletex,8772,6413,false,5,India,100,118,11,75478
kfroggattey,6207,3761,false,20,Canada,87,966,27,26975
baxtonez,1709,4022,false,1,Canada,60,374,301,15895
vcaddockf0,2679,9551,false,4,India,29,986,80,36291
lsimeonf1,4894,1827,false,15,Canada,26,844,405,11781
tdunkerlyf2,4005,7196,true,18,USA,65,108,465,1651
jdeethf3,6004,3978,true,19,India,29,490,104,53674
erojasf4,246,6383,false,10,Canada,80,149,478,84221
thimsworthf5,3951,655,true,7,Canada,25,143,337,97649
owhicherf6,7305,9361,true,17,India,22,878,389,99175
zpiserf7,7833,4832,false,19,Canada,91,964,222,19810
plubmanf8,1167,2414,false,18,India,99,803,397,94521
odemeltf9,4960,1729,true,18,USA,20,196,165,76287
bgagenfa,3053,5577,true,17,Canada,64,713,360,49309
cellerayfb,9798,8336,true,14,India,9,632,126,93128
awolfendalefc,8791,6222,false,19,India,20,599,334,2179
cickovicfd,6195,5003,true,18,Canada,91,837,237,57087
lpeattiefe,202,6397,true,2,Canada,40,563,300,443
estrothersff,2762,1923,false,16,USA,17,909,115,75247
jcantuafg,5562,5507,true,3,USA,47,22,189,97300
clubefh,8875,775,false,9,USA,33,442,495,73558
gharnwellfi,7638,2928,false,17,Canada,46,662,352,24373
zbotlerfj,3837,6277,true,6,India,4,741,385,17454
lkynanfk,890,3283,false,7,India,70,54,19,60200
alerohanfl,3915,5867,false,11,Canada,39,469,152,46202
tfarrfm,438,1298,true,7,Canada,74,24,76,14361
wdavenallfn,4295,1705,true,11,USA,83,745,239,40463
thawkswoodfo,2943,2144,true,3,India,44,394,164,17427
oturtlefp,9897,1060,true,18,Canada,84,681,345,39775
zritellifq,1649,2281,false,11,Canada,60,992,217,44173
amarvalfr,5437,3474,true,20,Canada,34,266,438,58070
dtumininifs,2687,2601,true,5,India,17,877,367,202
emostynft,1694,7182,true,13,USA,66,534,392,29210
dclooneyfu,5724,8672,true,8,Canada,12,76,473,43844
jblindefv,3969,1182,false,19,India,99,398,146,21535
asaturleyfw,8188,9436,false,10,Canada,6,630,23,78108
hjobbingfx,4046,8200,true,10,Canada,21,921,353,7217
jkinnenfy,7960,3798,true,9,India,59,947,411,6872
smarcombefz,4603,8644,false,17,India,63,77,376,49237
jcarrolg0,9893,7885,false,7,Canada,30,202,28,72622
cbabbidgeg1,1102,4871,true,11,USA,29,2,117,64581
rbinnallg2,6799,4237,true,20,Canada,94,347,339,27467
dwitcombeg3,4968,5752,true,15,India,27,816,388,98761
kmckeagg4,5287,4228,false,11,USA,56,0,178,1431
rtilbeyg5,5868,6409,false,8,India,6,384,176,32738
chamshereg6,2649,2121,true,19,USA,87,324,255,16555
jhalburtong7,6534,3369,false,18,India,70,371,265,37210
ccorderyg8,2001,5974,true,5,India,46,2,457,91427
dsutcliffg9,9612,5601,false,5,Canada,96,307,163,74397
cmillichapga,3077,7024,false,20,USA,36,618,150,63627
jfolleygb,3154,1490,false,16,Canada,10,557,492,74486
fmccurtaingc,302,8316,false,11,USA,87,231,408,76223
tcorkillgd,2455,4381,true,11,Canada,57,109,275,50583
ewinleyge,639,5877,true,7,Canada,50,729,420,13316
gsharphurstgf,623,2333,true,5,Canada,42,847,80,3262
sdrewerygg,4898,3886,true,6,Canada,87,38,198,54590
wpetrasekgh,3280,7577,true,1,Canada,46,958,305,2977
msimonsgi,6508,2891,false,7,Canada,60,281,48,24305
apynngj,985,7604,true,12,India,26,261,183,3345
atallisgk,3534,5803,false,11,India,43,256,201,86172
jrengl,3065,7325,false,8,India,76,393,144,59166
jsimcoxgm,7439,1160,false,4,India,79,665,174,63757
lmillwardgn,7507,6721,false,13,India,21,323,345,6826
ncreebogo,7891,5610,true,14,India,74,847,182,94834
utroutbeckgp,4483,2896,true,11,USA,71,240,108,37086
askippengq,6694,6087,false,7,India,84,894,467,54153
nartistgr,5033,2898,false,1,USA,91,958,437,52926
bbountiffgs,5334,3574,false,20,USA,43,0,162,41438
nrydzynskigt,2836,4764,true,5,Canada,60,314,298,4240
glempertzgu,7190,2446,true,9,Canada,7,989,202,23787
mcrabtreegv,9334,5438,false,18,Canada,9,902,78,6987
bbillinggw,8608,1788,true,6,Canada,18,975,16,73658
ogoldringgx,3622,2431,true,11,India,48,700,218,62911
aamargy,3320,8802,false,8,USA,31,62,149,63958
estanwaygz,6027,4169,false,17,India,28,224,362,89987
hgiovanizioh0,3222,6249,false,17,India,52,475,76,23110
mlongh1,3892,2413,true,17,India,63,338,203,60806
gmcallisterh2,2654,9154,false,12,India,0,524,170,88744
scraneyh3,6801,5658,false,11,USA,4,160,55,56621
lbrehath4,7808,4788,false,1,India,22,706,210,28609
jwhipph5,4912,5866,false,7,Canada,97,298,188,31875
jwerndlyh6,4426,1616,true,14,USA,44,318,205,95189
dsykesh7,4076,6979,true,20,Canada,21,588,295,14657
efitzharrish8,9525,6731,false,13,USA,58,637,409,67358
lhorriganh9,538,6087,true,4,Canada,49,534,379,21266
hozanneha,8830,5058,false,4,India,28,430,384,37376
kprayhb,84,4236,false,5,India,6,204,206,79516
estannerhc,1916,7302,true,17,India,0,6,14,28006
mrawlisonhd,4629,4985,true,1,India,92,148,144,78558
rleedhe,893,4722,true,18,USA,36,72,331,41973
dgawnhf,3018,9217,false,2,India,59,29,311,12553
csimisterhg,2714,1378,true,1,Canada,58,70,495,8790
cmcenteehh,8216,1849,true,6,Canada,46,450,335,68558
hwilcockeshi,7715,7822,false,3,India,54,621,84,63189
fwhitelockhj,5036,4935,true,14,Canada,82,592,116,9398
lkennerknechthk,7235,8145,true,19,USA,19,211,97,63059
llinayhl,1678,8837,false,10,India,74,261,230,50833
dchallenshm,2140,6962,true,15,India,67,928,17,51308
tburtwistlehn,4580,4893,true,12,USA,75,294,174,44927
gemmotho,6014,4849,false,8,USA,31,303,85,60627
hcrudgingtonhp,2776,3419,false,9,India,23,561,373,77518
wrolancehq,2465,8251,true,13,USA,60,564,94,52798
mbouldshr,9817,2044,true,20,USA,18,95,351,7572
jsilverwoodhs,3773,348,false,11,India,66,880,222,87533
totimonyht,4369,5675,true,3,USA,52,381,211,95629
mmockerhu,8747,1312,true,9,USA,30,46,391,98663
bbrittlehv,9999,883,true,8,Canada,71,259,210,15392
mminshullhw,1001,7243,true,9,India,78,6,473,98067
cticehx,9199,6878,true,7,India,75,163,1,78630
ldurnianhy,3099,4521,true,10,USA,19,757,217,99377
mfarnhz,2012,5942,true,5,Canada,32,59,247,36124
llagoi0,3774,9856,true,8,Canada,48,399,472,27157
omccolei1,1010,3752,false,20,Canada,81,372,215,81072
istroodi2,3233,7518,true,16,Canada,94,673,41,46324
lpomfreti3,4022,24,true,16,Canada,89,787,237,79597
vmurbyi4,8765,1856,false,1,India,27,497,336,23214
amolesworthi5,1364,6003,false,14,India,81,959,465,31167
kconibeeri6,7866,575,true,18,USA,62,744,370,58540
livesi7,6438,1731,true,12,USA,34,836,271,80593
rtaplini8,2962,2615,true,8,USA,81,73,56,19021
rtuplingi9,1185,6264,true,13,Canada,85,517,402,55025
mdonovania,4695,6864,true,8,India,56,545,99,35949
lgrundyib,9737,9956,true,16,India,42,193,328,86239
kbrodneckeic,8232,7912,true,13,USA,31,39,424,77329
ucorderoyid,4866,1201,true,2,USA,50,655,206,56948
adealie,2759,8204,false,17,India,36,969,0,77105
ckelbererif,7078,412,true,15,India,38,653,472,83123
vslaightig,5491,5376,false,14,India,66,398,8,84599
alowthianih,9241,2491,true,2,USA,96,272,368,85345
jdoornbosii,3480,9475,true,16,Canada,70,262,87,44657
kleiferij,8945,6775,true,17,India,47,758,48,5605
lladdleik,9109,794,false,10,Canada,72,113,158,45749
ngriffenil,3279,1681,true,15,Canada,87,860,12,75799
loliverpaullim,2434,5559,false,15,India,42,146,330,13076
dnoenin,3361,7448,false,11,Canada,14,605,84,74959
rjanesio,7117,2408,true,18,India,4,337,53,8814
odabinettip,9033,9713,true,12,USA,86,310,17,97977
gjedrzejewicziq,4592,4866,false,11,India,76,328,163,34570
btutchingsir,2055,4698,false,20,USA,19,968,136,24060
hgreystockis,7159,8600,true,4,USA,89,134,283,48332
avillait,4320,8639,false,9,USA,53,661,390,70201
jfaucettiu,5413,8383,true,8,USA,86,56,423,8465
flaugieriv,3823,653,true,14,USA,87,157,471,65911
lbouldeiw,265,4894,false,17,India,76,499,343,9220
jshrieveix,2657,2981,false,2,Canada,49,934,251,82474
efladgateiy,7592,7390,true,13,Canada,54,571,174,13688
sabrahamseniz,9049,6207,false,17,USA,100,370,367,22804
tparlourj0,4279,7986,false,10,Canada,35,765,222,2325
kgartinj1,200,482,true,11,India,36,972,10,23507
treadittj2,5651,1299,true,18,Canada,71,171,237,59048
sschukertj3,965,4406,false,1,USA,60,401,48,27806
ldumingoj4,2285,6660,true,5,Canada,43,315,247,64284
dlerhinanj5,6015,4938,false,1,USA,9,443,433,57674
gletessierj6,8154,5921,true,15,India,73,67,110,97685
mbrazearj7,7100,6495,false,2,India,17,840,200,5959
jbehrensj8,5998,4660,false,7,USA,39,445,414,40458
rklynj9,9428,426,true,13,USA,36,730,150,56494
amulhollandja,4322,1932,true,20,Canada,76,95,32,39959
hsturrorjb,7660,7635,false,20,India,62,453,410,22474
mbanishevitzjc,4974,1362,true,15,USA,94,70,219,49951
esirljd,2578,9914,false,19,USA,88,404,414,96632
rnapoleonje,9717,2730,true,3,India,85,819,150,35195
dharnorjf,5970,6603,true,18,Canada,20,321,165,15396
lwinstonjg,3190,880,true,6,India,31,796,262,58479
adybaldjh,6847,6708,true,7,India,4,309,208,61941
pdumbellji,8818,1852,false,5,India,58,117,303,8918
htwinbournejj,9039,1465,true,12,USA,84,856,143,85299
odurjk,8748,4689,true,17,Canada,7,770,40,32677
pmatticcijl,3608,5442,false,9,Canada,56,531,446,28825
tgarmonjm,557,5130,true,20,Canada,7,423,489,37255
gsalamonjn,5587,9301,false,15,Canada,81,500,51,31542
gjohannessonjo,9371,1117,false,4,USA,6,868,417,40281
tcordiejp,3835,5298,true,1,Canada,16,252,483,30931
fmaccartanjq,5917,1904,false,19,Canada,60,812,420,52737
tledgerjr,3876,3153,true,11,USA,47,637,38,8886
felmerjs,9880,9171,true,10,USA,22,746,486,29541
cbancejt,4966,7355,false,5,USA,16,167,227,91361
glachaizeju,5510,164,true,17,Canada,52,138,80,57137
bpottiejv,9577,4666,false,16,USA,20,679,421,64267
apicfordjw,7808,7527,false,7,USA,6,506,481,88351
oclaeskensjx,7544,3138,false,20,USA,90,706,351,56546
hjewesjy,8154,2644,false,8,India,52,375,372,67295
shavertyjz,8905,163,false,6,Canada,65,790,351,52022
aduckeringk0,7372,1763,false,7,India,34,1000,308,76266
epechacekk1,1505,579,true,20,Canada,34,686,6,15737
dcopek2,4810,386,false,10,India,15,504,465,22950
rmalcolmsonk3,4260,3719,false,13,USA,4,158,298,1173
jgregorink4,4251,7494,true,13,India,38,108,410,64663
fmacgiollak5,6246,4482,true,11,India,1,358,447,83136
epavyerk6,3527,4599,false,20,India,48,25,169,11256
ihinchcliffek7,1785,8382,false,17,USA,24,438,344,44054
spelerink8,1183,8118,false,11,USA,42,241,88,15794
glunneyk9,6738,6515,false,12,India,67,199,388,17438
epercheka,8403,8422,true,8,USA,47,559,66,77018
dsparhamkb,671,6213,true,15,USA,62,395,18,67416
ssterlingkc,1512,2202,true,7,USA,53,676,389,83912
awardhaughkd,4600,3598,true,8,USA,25,498,153,2837
rgullefordke,8916,1241,false,16,USA,80,958,42,75501
dsellmankf,1212,4746,false,18,USA,76,304,20,65212
gscarekg,7449,8721,true,9,India,14,204,240,19420
jgodierkh,4881,9947,false,6,Canada,34,617,249,69065
joleyki,7234,1451,true,14,USA,97,772,470,42864
ctomczynskikj,1793,8848,true,14,Canada,59,313,473,6569
llearmontkk,110,4112,false,4,India,50,112,489,10698
ncardoekl,7799,6961,true,16,USA,42,651,469,90557
mplaisterkm,7855,7477,true,16,India,41,392,242,8865
kparffreykn,1047,7073,true,18,Canada,14,916,492,92109
psavinko,9017,3325,false,2,India,40,355,231,95641
claitykp,8410,7813,false,7,India,49,175,47,86369
aberresfordkq,1025,4253,true,12,Canada,47,602,359,38093
atremethackkr,8421,2529,true,9,India,1,921,48,2831
arigardeauks,3193,883,true,19,USA,60,108,140,44888
jcopellikt,3099,4255,false,14,India,90,252,138,61690
kdunlapku,2989,6800,false,19,Canada,90,660,109,59852
dhazelbykv,8569,7947,false,1,India,82,889,403,52947
pmitroshinovkw,8032,7016,false,12,USA,57,187,323,50929
ehinrichskx,5737,7023,false,2,India,9,167,489,362
lludlomky,4558,3793,true,16,Canada,11,310,305,25140
hhearsonkz,1591,3092,true,20,India,100,141,21,32398
dcorderl0,1818,2195,true,20,India,31,189,5,51746
zthorl1,5019,1815,false,5,Canada,34,658,436,13397
aoconnollyl2,8885,7563,true,7,USA,80,20,47,38495
gsimonittol3,7615,8160,false,15,Canada,97,850,47,35210
ppennettil4,6824,4014,false,12,India,83,450,164,82336
mromkel5,9313,547,true,9,USA,50,625,394,74785
bgreallyl6,5174,4938,true,11,Canada,59,549,478,56454
malvenl7,6749,3025,true,5,USA,85,211,209,13107
lgehringerl8,2004,1258,false,8,India,44,445,137,52418
sfawdryl9,3947,1272,false,8,Canada,17,602,372,34378
csandiferla,8352,192,false,10,Canada,0,766,326,34297
jgisbeylb,1691,5877,false,19,India,95,3,239,25732
fhuckerbylc,3674,2254,true,8,India,16,451,84,91877
tfrostickld,1550,1437,false,4,Canada,84,97,245,4528
sshoutle,2415,6314,true,1,Canada,67,208,90,96911
rcordeletlf,568,4401,false,11,India,49,79,380,86441
lcamseylg,8026,2129,false,11,Canada,62,376,40,95881
hnorcottlh,6450,3058,false,6,USA,86,229,295,14567
acartmanli,6277,171,false,19,USA,93,57,158,16340
srolinsonlj,5754,3854,false,17,USA,71,244,196,10694
ameuselk,5050,5246,true,17,India,27,494,11,2201
mmalatalantll,7628,6617,true,2,India,52,830,405,31861
sroyalllm,3873,6154,false,4,India,37,351,404,79389
emaddysonln,3742,5304,false,11,India,9,730,65,85432
csargersonlo,6912,1762,true,11,USA,16,221,1,71623
kpaveselp,2762,9625,true,15,USA,33,180,468,65653
aabbatuccilq,4126,8781,true,5,India,51,226,292,28720
hconanlr,388,9454,true,11,USA,52,412,65,24516
dramblels,1626,1016,false,3,Canada,72,691,472,1390
nbergetlt,2788,3807,true,20,Canada,90,326,350,31189
npairemanlu,1773,5408,false,5,USA,22,399,122,53986
mkewardlv,2808,6533,false,16,India,96,224,465,63289
wkellylw,6507,167,false,7,India,52,731,468,15437
edavorenlx,60,3193,false,12,USA,32,615,291,35738
livanonkoly,6705,9780,true,14,India,38,354,498,26114
mkitterlz,4004,2758,true,13,India,87,414,19,92144
ccaretm0,2996,9074,false,20,India,28,669,168,61518
kballintynem1,7216,3116,false,16,Canada,96,499,341,54234
pluchettim2,9981,5375,false,20,USA,39,238,419,89211
wwalewiczm3,2266,4785,true,6,India,54,880,308,35612
nmccreerym4,9110,972,false,3,USA,91,44,494,44438
rdessaurm5,9477,8869,false,14,Canada,37,694,275,8420
jsizzeym6,6314,7522,true,6,USA,92,482,220,7944
ychurchwardm7,8812,6100,true,20,Canada,66,138,144,50122
fguernerm8,574,6265,false,11,USA,29,548,15,61452
rpagenm9,5866,5849,false,16,India,74,765,428,50812
fgouldenma,4258,5550,false,19,India,23,629,475,67156
jdraiseymb,2886,1770,false,20,India,47,136,401,42825
ncollumbinemc,3076,7716,false,18,Canada,25,354,441,1535
dkullmd,3963,7751,false,20,USA,98,492,260,74804
cmcgettiganme,2130,6946,false,12,Canada,55,571,122,50710
hseabrookmf,4143,9857,true,2,USA,32,902,403,75365
bbrumhammg,9818,9346,true,19,USA,94,706,270,39046
bschlagtmansmh,6261,2219,true,9,India,84,502,383,41514
ttingcombmi,6561,3833,true,15,India,0,620,91,38479
nstobiemj,3834,8602,true,3,India,22,710,395,45379
ubaconmk,8761,9110,true,14,USA,13,19,129,88261
csprowleml,6809,546,true,1,USA,96,452,178,93613
dfalcusmm,8501,2908,true,11,India,94,579,312,32254
rriteleymn,4025,4421,false,1,Canada,75,601,30,68715
lpentercostmo,2271,439,true,16,India,70,175,46,26357
ggrosvenormp,5089,5426,false,17,India,43,253,198,10566
traggattmq,8738,1734,true,17,USA,73,66,111,93100
estreetfieldmr,1152,2605,false,8,India,1,284,107,5207
cnicems,136,3573,true,9,Canada,63,267,257,4727
rbuckneymt,2964,8999,true,17,India,12,685,5,46654
rmurdymu,4626,4980,false,13,USA,8,434,277,59060
jklimmekmv,8264,2780,true,13,India,100,593,61,33771
cklaasmw,9630,1269,true,1,USA,29,724,15,87384
cchesnaymx,6591,2326,false,8,India,35,698,253,63131
abrehaultmy,263,7740,true,14,USA,18,317,414,93694
jlukacsmz,8988,5821,false,17,USA,34,959,255,39708
femmensn0,5425,4469,false,9,Canada,73,451,179,16250
rbredeen1,4423,2199,false,18,Canada,16,423,133,11175
cwhitmelln2,3754,6520,false,12,Canada,29,598,35,55892
fdemorenon3,2724,5972,true,14,India,78,229,434,78265
kchesmann4,3428,3667,false,7,India,89,569,319,57818
ushortonn5,5266,8615,true,11,Canada,85,717,16,46991
djesseln6,4913,3305,true,8,India,50,751,467,25771
ljurschn7,6680,5115,true,14,India,68,805,481,45181
cveltin8,415,5461,false,12,India,41,550,463,6276
mgentn9,9098,6693,false,19,Canada,30,305,398,5724
tivanyushinna,5286,5804,false,12,USA,87,355,333,84673
aguynb,2124,716,false,8,USA,37,647,7,42725
khalsteadnc,4297,2236,false,14,Canada,80,276,289,26
rjunifernd,1037,5131,true,15,Canada,76,98,112,67618
ftiltne,4132,9326,true,10,India,3,479,173,7663
ecicullonf,8609,7060,true,5,USA,91,126,262,72661
mcolquyteng,5688,9239,false,11,India,49,69,392,25933
mspaxmannh,9443,5980,false,11,USA,11,27,236,42725
ktavenerni,6370,1271,false,11,India,96,684,200,15152
drowswellnj,2629,4415,false,13,USA,19,413,368,2606
dgoodlattnk,7759,417,true,18,USA,24,526,205,96058
aprobacknl,5764,2352,false,13,Canada,48,844,257,60282
jlowellnm,5272,6861,true,9,USA,39,280,389,70544
abrokenn,6268,2702,true,4,India,33,811,138,77916
fqueyeirono,7740,4732,true,3,India,99,556,15,46737
mbottomleynp,189,5731,true,4,India,17,981,50,68466
dskainnq,8228,1825,true,13,Canada,25,80,436,23762
showlettnr,9842,2071,false,14,Canada,32,587,101,25515
amoyns,1974,5714,true,16,Canada,39,757,490,49118
twickettnt,3361,3813,true,19,Canada,98,858,476,45866
jbaldazzinu,1758,9882,true,5,India,35,72,41,76178
fjuricknv,9077,191,true,15,India,20,676,448,35841
mjumontnw,9751,6371,false,3,USA,79,423,391,45284
isalkeldnx,573,2051,true,6,Canada,33,227,303,58258
aperkinsonny,658,6493,false,19,Canada,89,445,374,42172
rbeddinghamnz,395,1231,false,9,Canada,79,440,79,89549
spuddino0,5201,1614,false,7,USA,87,400,367,47335
ymixhelo1,4850,7679,false,11,Canada,100,78,490,71805
bgoutchero2,3853,8303,false,5,India,41,200,70,89227
pdillistoneo3,9146,7451,false,13,USA,28,2,6,42480
ningramo4,8855,256,true,7,Canada,36,538,7,70834
kmellonbyo5,1007,1261,true,11,India,40,518,310,72809
iabercrombyo6,3674,6143,true,9,USA,59,437,385,14825
gwoolseyo7,2381,1881,false,13,USA,64,852,65,50775
maronstamo8,6545,5082,false,4,India,10,346,276,13208
ncollivero9,9849,4209,true,1,Canada,51,732,374,66264
dmargettsoa,1785,3529,false,18,Canada,41,972,385,5918
lhassanob,3995,2226,false,8,Canada,26,102,304,11655
emcdoualoc,8571,9035,true,10,Canada,58,28,8,63069
dclissod,8970,6997,true,9,India,63,676,180,59973
agommeryoe,9439,1145,false,5,Canada,89,100,49,78417
jtyddof,3042,4496,true,17,USA,44,627,349,24455
mhutchcraftog,2729,9110,true,10,Canada,23,915,243,65673
dtuplingoh,269,9510,false,8,USA,48,349,391,41246
frichfordoi,8877,4233,true,17,Canada,34,785,263,88168
astickelsoj,4025,2968,false,8,USA,87,995,184,55653
bhobbingok,5253,7313,false,6,India,78,491,463,96694
jgreenshielsol,9143,9994,true,11,Canada,92,659,384,86090
hschieferstenom,7374,7667,true,6,USA,69,57,182,42475
wmossbeeon,6343,8030,false,7,USA,16,955,320,69623
odimariaoo,9879,9381,true,15,USA,57,987,326,96408
phartleyop,3463,4911,false,2,Canada,25,703,207,90503
cmackernessoq,6432,5870,false,11,Canada,83,465,451,93382
lharralor,3412,2469,false,2,Canada,81,644,308,37395
dhawkinsos,8194,9236,true,2,USA,80,676,275,90793
gfrancescottiot,8260,838,true,3,USA,11,584,434,32645
jstanfordou,1720,6675,false,17,USA,64,243,242,20285
lhirtheov,9934,3301,true,6,Canada,89,829,472,38031
ebellardow,3859,6054,false,13,USA,21,252,389,51598
ejobbingox,9129,9319,false,3,Canada,88,960,78,49363
kribouoy,5619,7486,true,14,USA,47,864,57,20951
vsantoraoz,4332,4428,false,9,India,56,10,52,55858
mtwitchingp0,9686,6586,false,17,USA,72,162,432,15117
cgreevep1,4348,884,false,5,Canada,0,649,54,88137
borderp2,3162,3952,false,2,Canada,52,214,95,7897
bmethingamp3,3593,3795,true,18,Canada,65,323,414,68988
bkleinsmuntzp4,339,5,true,2,Canada,75,595,252,57297
shepherp5,3791,4100,true,8,India,27,323,135,28567
nbellshamp6,1769,9903,false,18,India,91,723,64,81302
vblakelockp7,9746,4072,false,6,Canada,3,555,265,8760
bfishleighp8,4361,3978,true,8,Canada,57,740,138,99291
ecuerdalep9,2519,8731,false,2,India,73,565,398,21333
gjantetpa,1923,8124,true,11,USA,41,437,15,94033
cswaingerpb,4737,1614,true,3,USA,89,930,438,73548
eknellenpc,5410,2976,true,12,India,74,657,477,15976
mturnorpd,8950,1055,true,9,Canada,88,204,139,7958
meastespe,7041,6547,true,9,USA,51,447,435,95939
rricharsonpf,4320,4101,true,3,India,13,814,362,26905
tradclyffepg,471,1725,true,13,India,69,68,130,99171
rarrighiph,7243,8983,true,8,Canada,58,464,268,90463
gglashbypi,6205,7292,true,2,Canada,71,948,272,60020
aredruppj,1213,5948,false,6,USA,7,854,333,60239
nboutflourpk,8167,2003,true,20,USA,92,332,492,19067
roxendenpl,1567,880,false,13,Canada,18,585,33,13466
kmcvicarpm,2297,8329,true,6,USA,63,425,277,46861
mrollittpn,1149,9911,true,12,USA,38,782,356,29807
hbirtwistlepo,6590,2874,false,3,India,98,626,270,44510
mramiropp,9785,7485,false,5,USA,24,240,369,85887
aruggieropq,5368,3426,false,6,USA,97,748,458,77486
fsatterlypr,9014,5135,false,15,USA,26,892,30,39307
fdandyps,2349,160,true,9,India,42,235,121,57334
oknokpt,3917,51,false,12,India,69,396,495,7485
cterzipu,2544,5377,false,12,India,70,481,362,24019
nperllmanpv,9775,4965,false,14,USA,40,838,359,57710
eubankpw,6360,7873,true,7,USA,62,258,142,38961
alentonpx,9252,7644,false,15,Canada,92,635,305,45818
tbraunstonpy,2768,8030,true,13,India,85,408,309,88808
npleumanpz,8396,9414,true,16,Canada,0,280,321,51438
ecreakq0,9323,5746,false,10,India,51,222,231,72158
dspadottoq1,3719,4009,true,16,India,30,858,448,60181
qfewlessq2,68,7552,true,20,Canada,29,348,197,56018
kbrindedq3,3160,7883,true,7,USA,70,263,391,11262
ovilliersq4,7420,8245,true,18,Canada,58,871,306,86708
rciccoq5,7255,2406,false,8,USA,15,236,133,40888
slooksq6,7078,9594,true,10,USA,3,819,243,97939
jgierkeq7,7862,9133,false,8,India,55,825,54,66484
bedelmanq8,9336,7466,true,16,Canada,17,39,483,60940
cshirleyq9,7111,4807,true,8,Canada,79,581,89,69309
emcdonandqa,8359,7669,true,14,USA,7,99,290,42470
smctiernanqb,8374,3013,true,10,USA,18,631,154,55492
mlefrancqc,331,93,false,11,USA,77,748,161,59996
pthurlbeckqd,8283,7334,true,4,USA,74,558,212,76432
aflippelliqe,9924,5718,false,9,Canada,58,272,323,84629
smccurtainqf,8008,1312,true,9,India,0,407,348,25084
kellikerqg,4400,9954,false,4,Canada,50,922,196,1975
jstannasqh,6905,418,true,11,Canada,28,490,411,41692
dughiniqi,3900,8617,false,11,Canada,28,614,409,50962
dgadeauxqj,4571,5486,false,15,USA,84,468,241,12365
mgiggqk,700,3289,false,4,Canada,46,516,259,31663
tbarkerql,6321,1760,true,10,Canada,51,507,107,13160
cragborneqm,1672,6540,false,14,India,88,737,152,61782
phoveyqn,3138,4918,true,1,Canada,70,375,477,74847
bjayneqo,5621,898,true,6,Canada,68,469,21,82659
glayfieldqp,3571,4876,true,13,USA,77,733,106,20753
nsummerhayesqq,3037,6288,true,17,Canada,26,361,166,66569
hharralqr,6355,9526,false,4,India,70,810,416,70326
adoghartieqs,8421,5852,true,10,USA,84,995,473,93719
rlavisteqt,4770,2819,true,19,USA,41,877,438,88459
dmaruszewskiqu,4764,3907,false,11,India,97,531,189,24171
mfairbridgeqv,9750,403,false,1,India,64,129,126,93655
mdarkeqw,6817,7888,false,4,Canada,96,998,275,37344
gwoltmanqx,4641,9202,false,19,USA,32,289,495,57962
tsueterqy,7999,57,false,12,USA,11,155,71,54647
sdunridgeqz,9485,6719,false,16,India,15,860,138,24256
dmcskeaganr0,3457,7788,true,8,Canada,0,958,459,16208
rstablerr1,6732,6462,false,15,Canada,56,913,334,79846
smarlandr2,9719,349,false,7,India,67,403,465,3658
lcollynsr3,8396,4182,true,12,USA,40,741,43,49895
agarmr4,5110,2481,false,8,USA,4,867,440,30642
dmaskallr5,8178,2154,false,20,Canada,10,389,21,42946
ecultchethr6,7037,6426,false,9,India,94,109,12,42259
kbeseker7,9246,9251,true,18,India,6,18,483,87604
ecrosfieldr8,8713,2363,false,11,Canada,69,710,419,78068
kgoodenoughr9,5652,9454,false,2,USA,22,24,319,30174
kungerechtsra,6937,8924,false,8,India,54,331,385,36702
afarndalerb,7952,3661,false,16,India,18,416,444,38967
egeydonrc,3570,7890,true,4,Canada,78,23,260,65549
lrutgersrd,8971,8360,false,5,USA,11,220,371,80426
lchatenierre,6678,3681,false,14,USA,16,155,40,6406
zferberrf,6193,7518,true,2,Canada,67,337,245,72133
nparfettrg,2765,2487,true,20,India,78,435,114,87130
pmenichinirh,2074,916,false,4,Canada,65,292,154,37467
ppadwickri,4559,8420,false,6,Canada,4,838,113,75834
slaytonrj,8363,328,true,20,USA,99,219,188,2621
halwoodrk,4378,2246,false,5,Canada,58,58,335,92671
cshelfrl,9331,2586,false,13,Canada,94,411,180,93483
helbournerm,9894,6230,false,10,India,100,555,54,38890
sbroadwayrn,5276,6454,false,8,India,73,267,438,12660
hwydro,5101,9990,true,4,Canada,42,446,460,64593
kboughtwoodrp,9203,5483,true,8,USA,95,528,394,71862
cnorburyrq,304,2437,false,17,Canada,20,502,377,94080
adufferrr,1564,4943,false,16,Canada,23,1,288,23587
